V1	V2	V3	V4	V5
hCoV-19/USA/WA-UW-10126/2020|EPI_ISL_511860|2020-05-29|NorthAmerica	ORF10	229	3	gca
hCoV-19/USA/AK-PHL6665/2020|EPI_ISL_806843|2020-12-08|NorthAmerica	ORF1ab	634	3	acg
hCoV-19/USA/CO-CDC-ASC210033625/2021|EPI_ISL_2089838|2021-04-25|NorthAmerica	ORF1ab	691	3	gaa
hCoV-19/Sweden/20-52670/2020|EPI_ISL_594148|2020-08-20|Europe	ORF1ab	1426	6	cacggt
hCoV-19/Canada/ON-PHL-21-01268/2021|EPI_ISL_1230445|2021-01-00|NorthAmerica	ORF1ab	1813	3	aaa
hCoV-19/USA/MA-CDC-STM-000025837/2021|EPI_ISL_1270758|2021-02-26|NorthAmerica	ORF1ab	1896	3	ggc
hCoV-19/USA/NY-Wadsworth-21045164-01/2021|EPI_ISL_1756378|2021-04-08|NorthAmerica	ORF1ab	2216	12	ttgtttggcatg
hCoV-19/Mexico/MEX_LANGEBIO_IMSS_0426/2021|EPI_ISL_1662111|2021-03-23|NorthAmerica	ORF1ab	3206	3	atg
hCoV-19/England/QEUH-B1172A/2020|EPI_ISL_642267|2020-11-02|Europe	ORF1ab	3354	3	tta
hCoV-19/Spain/GA-CHUVI-19258616/2021|EPI_ISL_1595727|2021-04-02|Europe	ORF1ab	3529	3	tca
hCoV-19/USA/IL-CDC-ASC210060023/2021|EPI_ISL_2146467|2021-05-06|NorthAmerica	ORF1ab	3651	3	act
hCoV-19/USA/CA-QDX-3854/2021|EPI_ISL_906332|2021-01-08|NorthAmerica	ORF1ab	3705	3	att
hCoV-19/Sri_Lanka/CMC86811/2021|EPI_ISL_1533824|2021-03-15|Asia	ORF1ab	3721	12	atttttgatcac
hCoV-19/USA/TX-HMH-MCoV-41036/2020|EPI_ISL_2224773|2020-07-21|NorthAmerica	ORF1ab	4019	9	cttgttact
hCoV-19/United_Arab_Emirates/4223/2020|EPI_ISL_860002|2020-05-04|Asia	ORF1ab	4074	69	cgtaccgggcactggtggtgatcctggcgggcttctcgctgttgatctccaacctgggcctgaccaagc
hCoV-19/USA/AZ-ASPHL-427/2020|EPI_ISL_2383071|2020-04-27|NorthAmerica	ORF1ab	4657	9	tgttggtgc
hCoV-19/USA/TX-HMH-MCoV-12135/2020|EPI_ISL_1202084|2020-09-21|NorthAmerica	ORF1ab	4929	3	ctt
hCoV-19/Dominican_Republic/21906/2021|EPI_ISL_2274015|2021-03-16|NorthAmerica	ORF1ab	5832	6	cgccgg
hCoV-19/USA/CA-CDC-FG-007977/2021|EPI_ISL_1460414|2021-03-10|NorthAmerica	ORF1ab	6400	12	ccacaaaaatgg
hCoV-19/Latvia/576/2021|EPI_ISL_1219391|2021-02-15|Europe	ORF1ab	6505	3	aat
hCoV-19/USA/SC-CDC-2-4369506/2021|EPI_ISL_2228949|2021-05-05|NorthAmerica	ORF1ab	6574	9	agtcttact
hCoV-19/Germany/BAV-PL-virotum_3qu7/2020|EPI_ISL_887327|2020-03-27|Europe	ORF1ab	6655	9	agcctagag
hCoV-19/Sweden/SE1410133955/2021|EPI_ISL_2409017|2021-02-01|Europe	ORF1ab	6696	3	ttt
hCoV-19/Belgium/UZA-UA-7094/2021|EPI_ISL_984265|2021-01-22|Europe	ORF1ab	6713	3	tta
hCoV-19/Belgium/UZA-UA-7094/2021|EPI_ISL_984265|2021-01-22|Europe	ORF1ab	6952	3	acc
hCoV-19/Slovakia/UKBA-610/2020|EPI_ISL_788987|2020-11-30|Europe	ORF1ab	7084	6	aatggg
hCoV-19/Australia/NSW1427/2021|EPI_ISL_803111|2021-01-08|Oceania	ORF1ab	7125	9	taccagtta
hCoV-19/Turkey/HSGM-11586/2021|EPI_ISL_2157983|2021-03-11|Europe	ORF1ab	7282	9	gtacttgga
hCoV-19/Spain/RI-IBV-99027929/2021|EPI_ISL_1971049|2021-04-07|Europe	ORF1ab	8562	3	taa
hCoV-19/Luxembourg/LNS7317996/2021|EPI_ISL_1498409|2021-01-18|Europe	ORF1ab	8568	6	ctctaa
hCoV-19/USA/MA-MASPHL-02238/2021|EPI_ISL_1503498|2021-02-14|NorthAmerica	ORF1ab	9093	6	taagta
hCoV-19/Germany/un-RKI-I-081422/2021|EPI_ISL_1646078|2021-03-30|Europe	ORF1ab	9859	3	aag
hCoV-19/USA/TX-HMH-MCoV-31064/2021|EPI_ISL_1305577|2021-03-06|NorthAmerica	ORF1ab	10462	3	cca
hCoV-19/Indonesia/BA-EIJK-UNWAR-283/2020|EPI_ISL_2101261|2020-12-30|Asia	ORF1ab	10725	9	tacccggag
hCoV-19/Germany/BW-FR0190/2020|EPI_ISL_852771|2020-03-20|Europe	ORF1ab	11074	3	ttc
hCoV-19/Spain/CT-IBV-98016323/2020|EPI_ISL_1423907|2020-12-16|Europe	ORF1ab	11074	3	ttc
hCoV-19/USA/WV-WVU-WV090236/2021|EPI_ISL_1423314|2021-01-08|NorthAmerica	ORF1ab	11074	3	ttt
hCoV-19/USA/TX-HMH-MCoV-39595/2020|EPI_ISL_2221725|2020-08-09|NorthAmerica	ORF1ab	11074	3	ttt
hCoV-19/Lithuania/LTU000_MB11552_1606881/2021|EPI_ISL_1657367|2021-02-08|Europe	ORF1ab	11074	3	ttt
hCoV-19/Scotland/EDB6413/2020|EPI_ISL_487842|2020-04-13|Europe	ORF1ab	11083	3	ttt
hCoV-19/Belgium/UZA-UA-00162900/2021|EPI_ISL_1039242|2021-02-06|Europe	ORF1ab	11280	9	ctagtttgt
hCoV-19/Bangladesh/BCSIR-NILMRC-775/2021|EPI_ISL_2471193|2021-05-18|Asia	ORF1ab	11302	3	cta
hCoV-19/USA/CA-ALSR-1534/2020|EPI_ISL_494648|2020-05-09|NorthAmerica	ORF1ab	11910	3	atc
hCoV-19/USA/NM-CDC-LC0013126/2021|EPI_ISL_1038282|2021-02-01|NorthAmerica	ORF1ab	12610	12	atgcaacaatcc
hCoV-19/Romania/IF-6463/2021|EPI_ISL_1657091|2021-03-29|Europe	ORF1ab	12611	9	tgcaacatg
hCoV-19/India/KA-InStem-NCBS-0061/2020|EPI_ISL_477261|2020-05-18|Asia	ORF1ab	12877	6	ctacgg
hCoV-19/Iran/HGRC-01-IPI-8206/2020|EPI_ISL_424349|2020-03-09|Asia	ORF1ab	14605	6	tcctta
hCoV-19/Sri_Lanka/CMC86811/2021|EPI_ISL_1533824|2021-03-15|Asia	ORF1ab	15277	6	acctta
hCoV-19/Germany/BW-RKI-I-026881/2020|EPI_ISL_1157095|2020-12-13|Europe	ORF1ab	15892	12	gaatatcacttt
hCoV-19/England/ALDP-9FD38C/2020|EPI_ISL_587815|2020-10-02|Europe	ORF1ab	15892	9	taagcacta
hCoV-19/Canada/ON-PHL-21-11510/2021|EPI_ISL_2012337|2021-04-00|NorthAmerica	ORF1ab	16851	9	tcgcgggaa
hCoV-19/USA/CO-CDC-FG-022185/2021|EPI_ISL_1733989|2021-04-05|NorthAmerica	ORF1ab	17745	9	gacagaggg
hCoV-19/South_Korea/KDCA2223/2021|EPI_ISL_1489558|2021-02-22|Asia	ORF1ab	18689	3	tga
hCoV-19/Turkey/HSGM-7667/2021|EPI_ISL_2102050|2021-03-09|Europe	ORF1ab	19291	9	gtttgtaca
hCoV-19/Turkey/HSGM-7883/2021|EPI_ISL_2102037|2021-03-09|Europe	ORF1ab	19291	9	gtttgtgcg
hCoV-19/Egypt/NRC-6102/2020|EPI_ISL_2380081|2020-06-28|Africa	ORF1ab	19292	3	ttt
hCoV-19/North_Macedonia/ZMC6172/2020|EPI_ISL_760246|2020-06-05|Europe	ORF1ab	19528	3	ctt
hCoV-19/USA/NC-UNC-0029/2020|EPI_ISL_832088|2020-04-00|NorthAmerica	ORF1ab	19528	3	ggc
hCoV-19/Canada/BC-BCCDC-6254/2020|EPI_ISL_974255|2020-10-11|NorthAmerica	ORF1ab	20139	9	agcctggcg
hCoV-19/USA/TX-HMH-MCoV-41700/2020|EPI_ISL_2224994|2020-07-20|NorthAmerica	ORF1ab	20149	6	attatt
hCoV-19/Turkey/HSGM-7661/2021|EPI_ISL_2102035|2021-03-09|Europe	ORF1ab	20397	9	gaatcacct
hCoV-19/USA/MA-CDCBI-CRSP_QZHNEJBHVLWTBBDX/2021|EPI_ISL_2192966|2021-05-13|NorthAmerica	ORF1ab	20456	9	cattctggg
hCoV-19/Turkey/HSGM-7847/2021|EPI_ISL_2102055|2021-03-09|Europe	ORF1ab	21351	9	agattttgg
hCoV-19/Sri_Lanka/7469/2021|EPI_ISL_1717068|2021-01-27|Asia	ORF1ab	21361	9	tgtgaatgc
hCoV-19/Turkey/HSGM-7868/2021|EPI_ISL_2102034|2021-03-09|Europe	ORF1ab	21414	9	aaattaagg
hCoV-19/Turkey/HSGM-6841/2021|EPI_ISL_2102061|2021-03-09|Europe	ORF1ab	21549	9	aactaaacg
hCoV-19/Turkey/HSGM-7661/2021|EPI_ISL_2102035|2021-03-09|Europe	ORF1ab	21549	9	cttgttaag
hCoV-19/Lithuania/LTU000_160104_11917/2021|EPI_ISL_1657321|2021-00-00|Europe	S	21569	6	tttttt
hCoV-19/England/QEUH-C4B8BA/2020|EPI_ISL_769794|2020-12-13|Europe	S	21569	3	ttt
hCoV-19/Italy/CAM-TIGEM-IZSM-COLLI-13221/2021|EPI_ISL_2194447|2021-05-03|Europe	S	21569	3	ttt
hCoV-19/USA/WY-CDC-IBX272717886270/2021|EPI_ISL_1692347|2021-03-23|NorthAmerica	S	21736	3	ttt
hCoV-19/USA/MD-CDC-IBX008929767253/2021|EPI_ISL_2013547|2021-04-08|NorthAmerica	S	21745	3	tca
hCoV-19/Italy/CAM-IZSM-45946/2020|EPI_ISL_602304|2020-10-01|Europe	S	21761	3	gtt
hCoV-19/USA/FL-CDC-ASC210043109/2021|EPI_ISL_1735876|2021-04-02|NorthAmerica	S	21819	3	att
hCoV-19/Lithuania/VULSK-3648/2020|EPI_ISL_914885|2020-12-11|Europe	S	21819	6	accatt
hCoV-19/Lithuania/VULSK-397/2020|EPI_ISL_914886|2020-10-31|Europe	S	21819	6	accatt
hCoV-19/Lithuania/VULSK-347/2020|EPI_ISL_914884|2020-10-30|Europe	S	21819	6	taatga
hCoV-19/Lithuania/VULSK-1107/2020|EPI_ISL_914881|2020-11-13|Europe	S	21819	6	taatga
hCoV-19/USA/MN-CDC-IBX583908459521/2021|EPI_ISL_1803124|2021-04-09|NorthAmerica	S	21891	6	tacttt
hCoV-19/USA/UT-UPHL-2101267095/2020|EPI_ISL_943711|2020-12-03|NorthAmerica	S	21956	6	aatttc
hCoV-19/USA/AK-PHL9135/2021|EPI_ISL_2421712|2021-05-24|NorthAmerica	S	21990	3	tac
hCoV-19/Spain/CT-HUGTiPM016OY0B11/2021|EPI_ISL_2281296|2021-05-14|Europe	S	21995	3	cta
hCoV-19/Mexico/GUA-InDRE_FB16223_S2584/2021|EPI_ISL_2492482|2021-05-19|NorthAmerica	S	21995	3	cta
hCoV-19/USA/PR-CDC-2-3980098/2021|EPI_ISL_1272919|2021-02-25|NorthAmerica	S	22003	3	aac
hCoV-19/United_Arab_Emirates/2084/2020|EPI_ISL_859654|2020-07-06|Asia	S	22040	3	tgg
hCoV-19/Belgium/UZA-UA-TLM784/2021|EPI_ISL_1623028|2021-03-29|Europe	S	22203	9	tacagatcg
hCoV-19/France/IDF-HMN-21032200089/2021|EPI_ISL_2179363|2021-03-20|Europe	S	22203	9	tacagatcg
hCoV-19/USA/VA-DCLS-3650/2021|EPI_ISL_1364603|2021-02-03|NorthAmerica	S	22203	9	tacagatcg
hCoV-19/Slovenia/751/2020|EPI_ISL_635200|2020-03-05|Europe	S	22203	12	tgctaaaaagaa
hCoV-19/USA/NY-Wadsworth-21052611-01/2021|EPI_ISL_2098604|2021-04-23|NorthAmerica	S	22206	12	taagctgagaag
hCoV-19/USA/TX-DSHS-6304/2021|EPI_ISL_2017917|2021-04-22|NorthAmerica	S	22206	9	ggcaggcta
hCoV-19/Panama/GMI-PA702689/2021|EPI_ISL_1503089|2021-02-12|NorthAmerica	S	22206	9	ggcaggcta
hCoV-19/USA/OR-OHSU-10422/2021|EPI_ISL_1541647|2021-02-08|NorthAmerica	S	22206	9	ggcaggcta
hCoV-19/Ecuador/NIC-INSPI-315127/2021|EPI_ISL_2488729|2021-05-07|SouthAmerica	S	22206	9	ggcaggcta
hCoV-19/USA/TX-DSHS-5997/2021|EPI_ISL_1856938|2021-04-09|NorthAmerica	S	22206	9	ggcaggcta
hCoV-19/Turkey/HSGM-6101/2021|EPI_ISL_1225786|2021-02-25|Europe	S	22281	6	tttaca
hCoV-19/USA/TX-DSHS-5769/2021|EPI_ISL_1760564|2021-04-07|NorthAmerica	S	22295	9	atcatggag
hCoV-19/Italy/CAM-AMES_50_49/2021|EPI_ISL_1359440|2021-03-09|Europe	S	22303	9	ttcaagact
hCoV-19/Germany/SL-RKI-I-050720/2021|EPI_ISL_1433126|2021-03-04|Europe	S	22304	12	cgggtcgcggtg
hCoV-19/England/20139058604/2020|EPI_ISL_420726|2020-03-27|Europe	S	22304	9	cccaccaga
hCoV-19/Turkey/HSGM-6366/2021|EPI_ISL_1272097|2021-02-26|Europe	S	22320	3	ttc
hCoV-19/USA/WA-UW-61713/2021|EPI_ISL_1181045|2021-02-09|NorthAmerica	S	22337	9	cggctgcat
hCoV-19/Turkey/HSGM-11336/2021|EPI_ISL_1911793|2021-03-10|Europe	S	22339	9	gctggtgct
hCoV-19/England/20109053406/2020|EPI_ISL_417278|2020-03-07|Europe	S	22353	3	tta
hCoV-19/Turkey/HSGM-1169/2020|EPI_ISL_811137|2020-12-29|Europe	S	22627	12	aagagaatcagc
hCoV-19/USA/TX-HMH-MCoV-8354/2020|EPI_ISL_783573|2020-07-07|NorthAmerica	S	23122	6	gcacct
hCoV-19/USA/TX-HMH-MCoV-10202/2020|EPI_ISL_1201917|2020-07-07|NorthAmerica	S	23122	6	gcacct
hCoV-19/USA/TX-HMH-MCoV-10562/2020|EPI_ISL_1201943|2020-07-09|NorthAmerica	S	23122	6	gcacct
hCoV-19/USA/TX-HMH-MCoV-8258/2020|EPI_ISL_1203666|2020-07-07|NorthAmerica	S	23122	6	gcacct
hCoV-19/USA/TX-HMH-MCoV-8210/2020|EPI_ISL_1203662|2020-07-07|NorthAmerica	S	23122	6	gcacct
hCoV-19/USA/TX-HMH-MCoV-28230/2021|EPI_ISL_1238012|2021-02-08|NorthAmerica	S	23356	6	acactg
hCoV-19/Luxembourg/LNS7926200/2021|EPI_ISL_1383857|2021-02-01|Europe	S	23457	3	ttg
hCoV-19/USA/AZ-CDC-STM-000019104/2021|EPI_ISL_1268879|2021-02-19|NorthAmerica	S	23599	12	aaagccgtccgg
hCoV-19/India/WB-1931400086660/2021|EPI_ISL_1589737|2021-03-04|Asia	S	23599	12	tcccggactaat
hCoV-19/Canada/ON-PHL-21-17557/2021|EPI_ISL_2452881|2021-04-00|NorthAmerica	S	23933	3	cac
hCoV-19/Norway/4763/2020|EPI_ISL_1820774|2020-10-16|Europe	S	23933	3	cac
hCoV-19/Turkey/HSGM-B11893/2021|EPI_ISL_2403337|2021-05-04|Europe	S	24289	3	gga
hCoV-19/USA/TX-HMH-MCoV-41623/2020|EPI_ISL_2224916|2020-07-21|NorthAmerica	S	24289	3	gag
hCoV-19/Turkey/HSGM-11537/2021|EPI_ISL_2157981|2021-03-11|Europe	S	25302	6	ttgttc
hCoV-19/Turkey/HSGM-11500/2021|EPI_ISL_2157982|2021-03-11|Europe	ORF3a	25397	6	tttgga
hCoV-19/Italy/TAA-IGA-1900537983/2021|EPI_ISL_1489770|2021-03-16|Europe	ORF3a	25459	3	cta
hCoV-19/England/QEUH-C4B8BA/2020|EPI_ISL_769794|2020-12-13|Europe	ORF3a	25472	3	ttt
hCoV-19/USA/TX-HMH-MCoV-31019/2021|EPI_ISL_1305540|2021-03-07|NorthAmerica	ORF3a	25572	9	cagctggag
hCoV-19/USA/GA-GPHL-0155/2021|EPI_ISL_1443811|2021-03-01|NorthAmerica	ORF3a	25590	9	acagcgtat
hCoV-19/USA/TX-HMH-MCoV-39893/2020|EPI_ISL_2222627|2020-08-06|NorthAmerica	ORF3a	25667	3	aca
hCoV-19/Brazil/SP-IB_110837/2021|EPI_ISL_2493285|2021-05-17|SouthAmerica	ORF3a	25699	3	ccc
hCoV-19/USA/CA-SEARCH-11693/2021|EPI_ISL_1814724|2021-01-08|NorthAmerica	ORF3a	25699	3	ccc
hCoV-19/England/ALDP-9448C3/2020|EPI_ISL_555512|2020-06-07|Europe	ORF3a	25699	3	ccc
hCoV-19/England/ALDP-10311C4/2021|EPI_ISL_880469|2021-01-14|Europe	ORF3a	25699	3	ccc
hCoV-19/Russia/MUR-RII-MH6333S/2020|EPI_ISL_1400520|2020-11-11|Europe	ORF3a	25699	6	cccccc
hCoV-19/Spain/CT-IBV-98016313/2020|EPI_ISL_1423905|2020-12-10|Europe	ORF3a	25699	3	ccc
hCoV-19/Italy/LOM-UniMI-ICCS1/2020|EPI_ISL_584048|2020-03-21|Europe	ORF3a	25699	3	aag
hCoV-19/USA/NY-UB-00283/2020|EPI_ISL_1009444|2020-12-03|NorthAmerica	ORF3a	25699	6	cccccc
hCoV-19/Austria/CeMM1950/2020|EPI_ISL_854242|2020-00-00|Europe	ORF3a	25699	3	ccc
hCoV-19/Turkey/HSGM-11500/2021|EPI_ISL_2157982|2021-03-11|Europe	ORF3a	25836	6	tggcat
hCoV-19/USA/TX-HMH-MCoV-26196/2021|EPI_ISL_1235976|2021-03-05|NorthAmerica	ORF3a	25864	3	agg
hCoV-19/Brazil/SP-IB_111914/2021|EPI_ISL_2493286|2021-05-27|SouthAmerica	ORF3a	25882	3	ctt
hCoV-19/Denmark/DCGC-39334/2020|EPI_ISL_930476|2020-12-14|Europe	ORF3a	25882	3	ctt
hCoV-19/USA/IN-INSPHL-00285/2021|EPI_ISL_1404442|2021-02-03|NorthAmerica	ORF3a	26078	3	ctc
hCoV-19/USA/AZ-TG742378/2020|EPI_ISL_1182301|2020-11-04|NorthAmerica	ORF3a	26079	3	ttc
hCoV-19/Sweden/SE00207918/2021|EPI_ISL_1199878|2021-02-01|Europe	ORF3a	26079	3	ctt
hCoV-19/USA/AZ-CDC-QDX23046086/2021|EPI_ISL_1444381|2021-03-16|NorthAmerica	ORF3a	26181	9	aactgtgag
hCoV-19/USA/TX-DSHS-5454/2021|EPI_ISL_1626651|2021-01-20|NorthAmerica	ORF3a	26183	12	gactcagagacg
hCoV-19/Morocco/RA85/2020|EPI_ISL_467299|2020-05-21|Africa	E	26370	3	agt
hCoV-19/USA/CA-CZB-22742/2020|EPI_ISL_1030290|2020-12-21|NorthAmerica		26482	3	tat
hCoV-19/USA/OH-CDC-QDX22207718/2021|EPI_ISL_1193568|2021-02-19|NorthAmerica		26493	6	tttttc
hCoV-19/Turkey/HSGM-13251/2021|EPI_ISL_1922105|2021-03-12|Europe	ORF6	27213	12	gttgactttcag
hCoV-19/Madagascar/IPM-00648/2021|EPI_ISL_1660301|2021-01-11|Africa	ORF6	27363	6	acggtt
hCoV-19/USA/NJ-CDC-LC0038393/2021|EPI_ISL_1611460|2021-03-29|NorthAmerica	ORF6	27365	9	aacaccatt
hCoV-19/France/NAQ-HCL021032365701/2021|EPI_ISL_1265768|2021-02-16|Europe	ORF6	27384	3	ctc
hCoV-19/USA/NY-NYULH1357/2021|EPI_ISL_1789989|2021-04-16|NorthAmerica	ORF6	27384	3	ctc
hCoV-19/Italy/SAR-Cagliari111/2021|EPI_ISL_2107000|2021-04-26|Europe	ORF6	27384	12	taactaaatgtc
hCoV-19/USA/WV-CDC-4081708-002/2021|EPI_ISL_2036079|2021-04-09|NorthAmerica	ORF6	27384	3	ctc
hCoV-19/Turkey/HSGM-2460/2021|EPI_ISL_1020474|2021-01-29|Europe	ORF7a	27404	6	tttttt
hCoV-19/USA/NY-1051-20-4/2020|EPI_ISL_2497028|2020-11-10|NorthAmerica	ORF7a	27407	12	tgtgttctgtta
hCoV-19/Germany/NI-RKI-I-019192/2021|EPI_ISL_1149354|2021-02-10|Europe	ORF7a	27514	3	ctt
hCoV-19/Luxembourg/LNS7867147/2021|EPI_ISL_2400661|2021-04-30|Europe	ORF7a	27554	3	acg
hCoV-19/Luxembourg/LNS0737180/2021|EPI_ISL_2400528|2021-05-03|Europe	ORF7a	27573	6	actcaa
hCoV-19/USA/IL-RED-LAS-38084010/2021|EPI_ISL_2157820|2021-03-02|NorthAmerica	ORF7a	27576	6	ataaca
hCoV-19/Denmark/DCGC-17748/2020|EPI_ISL_750369|2020-12-14|Europe	ORF7a	27630	3	acc
hCoV-19/Luxembourg/LNS7552009/2021|EPI_ISL_910607|2021-01-02|Europe	ORF7a	27630	3	tga
hCoV-19/Denmark/DCGC-14302/2020|EPI_ISL_711186|2020-11-30|Europe	ORF7a	27630	3	acc
hCoV-19/Denmark/DCGC-47224/2020|EPI_ISL_1066737|2020-12-07|Europe	ORF7a	27630	3	acc
hCoV-19/Denmark/DCGC-29830/2020|EPI_ISL_843877|2020-12-28|Europe	ORF7a	27630	3	acc
hCoV-19/Poland/PZH-GUM-0822/2021|EPI_ISL_2178906|2021-04-28|Europe	ORF7a	27691	3	ttt
hCoV-19/France/GES-IPP10957/2020|EPI_ISL_754845|2020-12-17|Europe	ORF7a	27756	9	aaaactttt
hCoV-19/USA/OR-OHSU-3115/2020|EPI_ISL_667487|2020-10-02|NorthAmerica	ORF7b	27791	3	ttt
hCoV-19/Sweden/21-00669/2021|EPI_ISL_2196745|2021-01-04|Europe	ORF7b	27828	9	taaatatta
hCoV-19/Slovenia/5C-011461-KP/2021|EPI_ISL_1112158|2021-02-19|Europe	ORF8	27899	3	ttt
hCoV-19/Belgium/UZA-UA-00160630/2021|EPI_ISL_1039222|2021-01-15|Europe	ORF8	27903	3	aaa
hCoV-19/Lithuania/LTU000_160201_14226/2021|EPI_ISL_1657326|2021-00-00|Europe	ORF8	27906	3	ttt
hCoV-19/Lithuania/LTU000_190225_00285/2021|EPI_ISL_1657358|2021-00-00|Europe	ORF8	27906	6	tttttt
hCoV-19/Lithuania/LTU000_RNR_T_8220/2021|EPI_ISL_1657161|2021-02-03|Europe	ORF8	27906	3	ttt
hCoV-19/Lithuania/LTU000_11247/2021|EPI_ISL_1657301|2021-02-06|Europe	ORF8	27906	9	ttttttttt
hCoV-19/Lithuania/LTU000_NMRVI58542/2021|EPI_ISL_1628449|2021-03-24|Europe	ORF8	27906	3	ttt
hCoV-19/Turkey/HSGM-5818/2021|EPI_ISL_1214081|2021-02-24|Europe	ORF8	27913	3	tta
hCoV-19/USA/NJ-PHEL-21-9287/2021|EPI_ISL_1625854|2021-03-17|NorthAmerica	ORF8	27926	12	aagtctggccag
hCoV-19/Germany/BY-RKI-I-043679/2021|EPI_ISL_1350867|2021-03-11|Europe	ORF8	28002	12	ctaaattgggta
hCoV-19/Germany/TH-RKI-I-015282/2021|EPI_ISL_1145444|2021-02-07|Europe	ORF8	28002	12	ctaaattgggta
hCoV-19/USA/IL-RED-PEO-39926031/2021|EPI_ISL_2319630|2021-04-09|NorthAmerica	ORF8	28005	6	ctcgtt
hCoV-19/USA/CA-CDC-QDX21612204/2021|EPI_ISL_1088386|2021-01-31|NorthAmerica	ORF8	28008	12	ttgcacaatcgt
hCoV-19/England/QEUH-12E8CBA/2021|EPI_ISL_1099254|2021-02-20|Europe	ORF8	28048	6	tagaag
hCoV-19/USA/NJ-CDC-IBX182027990281/2021|EPI_ISL_2313670|2021-03-17|NorthAmerica	ORF8	28214	3	ttt
hCoV-19/Italy/SAR-Cagliari111/2021|EPI_ISL_2107000|2021-04-26|Europe	ORF8	28239	12	ttgttttaatct
hCoV-19/South_Korea/KDCA3363/2021|EPI_ISL_1936546|2021-04-21|Asia	ORF8	28239	3	ttt
hCoV-19/USA/MN-MDH-6168/2021|EPI_ISL_1857169|2021-04-13|NorthAmerica	ORF8	28239	6	tttttt
hCoV-19/USA/UT-UPHL-201211705/2020|EPI_ISL_684018|2020-12-01|NorthAmerica	ORF8	28242	3	ttt
hCoV-19/Sweden/SE00183178/2021|EPI_ISL_1199064|2021-01-25|Europe	ORF8	28250	3	tct
hCoV-19/Austria/CeMM1950/2020|EPI_ISL_854242|2020-00-00|Europe	ORF8	28250	3	ctg
hCoV-19/USA/TX-HMH-MCoV-30235/2020|EPI_ISL_1304788|2020-12-29|NorthAmerica	ORF8	28250	3	ctg
hCoV-19/Lithuania/LTU000_160201_14226/2021|EPI_ISL_1657326|2021-00-00|Europe	ORF8	28251	3	ctg
hCoV-19/Lithuania/LTU000_190225_00285/2021|EPI_ISL_1657358|2021-00-00|Europe	ORF8	28251	3	ctg
hCoV-19/Lithuania/LTU000_RNR_T_8220/2021|EPI_ISL_1657161|2021-02-03|Europe	ORF8	28251	3	ctg
hCoV-19/Sweden/SE00191547/2021|EPI_ISL_1199096|2021-01-27|Europe	ORF8	28251	3	ctg
hCoV-19/Sweden/21-00669/2021|EPI_ISL_2196745|2021-01-04|Europe	ORF8	28251	3	ctg
hCoV-19/Israel/CVL-400/2020|EPI_ISL_1209888|2020-12-27|Asia	ORF8	28251	9	gtagatctg
hCoV-19/Lithuania/LTU000_MB11552_1606881/2021|EPI_ISL_1657367|2021-02-08|Europe	ORF8	28251	3	ctg
hCoV-19/USA/AZ-TG787352/2021|EPI_ISL_1464762|2021-03-12|NorthAmerica		28265	3	gcc
hCoV-19/USA/TX-HMH-MCoV-30809/2021|EPI_ISL_1305350|2021-03-05|NorthAmerica		28269	3	aaa
hCoV-19/USA/SC-DHEC-0885/2020|EPI_ISL_538409|2020-06-26|NorthAmerica	N	28490	9	caattaaca
hCoV-19/Turkey/HSGM-7407/2021|EPI_ISL_1533682|2021-03-01|Europe	N	28745	12	aaatcagcgaaa
hCoV-19/USA/FL-CDC-STM-000038202/2021|EPI_ISL_1391966|2021-02-19|NorthAmerica	N	28758	6	ccaagg
hCoV-19/USA/CO-CDC-ASC210038390/2021|EPI_ISL_2149197|2021-04-03|NorthAmerica	N	28790	3	tat
hCoV-19/USA/TX-HMH-MCoV-41036/2020|EPI_ISL_2224773|2020-07-21|NorthAmerica	N	28790	6	ttctac
hCoV-19/Sweden/20-51969/2020|EPI_ISL_594154|2020-06-01|Europe	N	28873	3	agc
hCoV-19/USA/NJ-CDC-IBX044882043804/2021|EPI_ISL_1691957|2021-03-16|NorthAmerica	N	28882	6	gtttgg
hCoV-19/Switzerland/GE-32978770/2021|EPI_ISL_897698|2021-01-15|Europe	N	28907	3	cta
hCoV-19/Iceland/3032/2020|EPI_ISL_826703|2020-10-19|Europe	N	28934	9	cagccagcc
hCoV-19/England/ALDP-A6F2C3/2020|EPI_ISL_607155|2020-10-15|Europe	N	28934	3	tgc
hCoV-19/Scotland/QEUH-B0E386/2020|EPI_ISL_649541|2020-11-02|Europe	N	28987	3	caa
hCoV-19/USA/CA-CDC-STM-000061052/2021|EPI_ISL_2010209|2021-04-22|NorthAmerica	N	29016	9	cgtttggtg
hCoV-19/USA/CA-CDC-STM-000037830/2021|EPI_ISL_1512429|2021-03-18|NorthAmerica	N	29081	6	acccaa
hCoV-19/USA/MS-UMMC-M426F11-500229/2021|EPI_ISL_1527244|2021-03-01|NorthAmerica	N	29370	9	ctgtctctt
hCoV-19/USA/TX-HMH-MCoV-31739/2021|EPI_ISL_2190375|2021-03-09|NorthAmerica	N	29389	3	aag
hCoV-19/USA/IA-S21WGS1963/2021|EPI_ISL_2403117|2021-05-19|NorthAmerica	N	29426	6	catatt
hCoV-19/USA/WV-CDC-LC0058806/2021|EPI_ISL_2184872|2021-05-03|NorthAmerica	N	29442	12	agaaatgcctgt
hCoV-19/Chile/Santiago-PUC_MVL_0262/2020|EPI_ISL_801548|2020-05-04|SouthAmerica	N	29451	3	tct
hCoV-19/Wales/PHWC-4B194B/2020|EPI_ISL_840651|2020-12-30|Europe		29749	9	ataacactt
hCoV-19/USA/MN5-MDH5/2020|EPI_ISL_417191|2020-03-10|NorthAmerica		29768	3	aac
hCoV-19/England/QEUH-A4C5A5/2020|EPI_ISL_595981|2020-10-07|Europe	ORF1ab	532	9	atcgtgtgg
hCoV-19/England/MILK-A47188/2020|EPI_ISL_598504|2020-10-06|Europe	ORF1ab	626	3	ttc
hCoV-19/USA/NY-Wadsworth-21008828-01/2021|EPI_ISL_883431|2021-01-09|NorthAmerica	ORF1ab	687	9	cccggcgcc
hCoV-19/Japan/PG-43390/2021|EPI_ISL_2337453|2021-04-30|Asia	ORF1ab	689	6	attgcc
hCoV-19/Northern_Ireland/NIRE-245BC0/2020|EPI_ISL_921045|2020-12-30|Europe	ORF1ab	690	3	caa
hCoV-19/Slovenia/17-016148-KR/2021|EPI_ISL_1266516|2021-03-07|Europe	ORF1ab	691	3	gac
hCoV-19/Sweden/10013749/2021|EPI_ISL_1617442|2021-02-15|Europe	ORF1ab	2225	6	cctgtg
hCoV-19/Spain/AN-IBV-99014149/2020|EPI_ISL_1591058|2020-10-20|Europe	ORF1ab	2383	6	ggactc
hCoV-19/USA/TX-HMH-MCoV-21179/2021|EPI_ISL_1075623|2021-01-01|NorthAmerica	ORF1ab	2847	15	agtgcctgcctatac
hCoV-19/Germany/un-RKI-I-124670/2021|EPI_ISL_2109526|2021-04-19|Europe	ORF1ab	2872	9	agcggtggg
hCoV-19/Mexico/MEX-INMEGEN-05-05-22/2021|EPI_ISL_2444413|2021-05-23|NorthAmerica	ORF1ab	2902	12	gtgttgtggcag
hCoV-19/Turkey/HSGM-11135/2021|EPI_ISL_2157876|2021-03-11|Europe	ORF1ab	2932	3	ctt
hCoV-19/USA/NY-21-CoV-1382-VTM2-ALNG037/2021|EPI_ISL_1379216|2021-02-14|NorthAmerica	ORF1ab	3055	3	gaa
hCoV-19/USA/CA-SEARCH-16073/2021|EPI_ISL_1812063|2021-01-07|NorthAmerica	ORF1ab	3055	3	gaa
hCoV-19/USA/NMDOH-2020526671/2020|EPI_ISL_1038944|2020-11-14|NorthAmerica	ORF1ab	3188	3	aag
hCoV-19/USA/NC-UNC-LCCC0177/2020|EPI_ISL_877757|2020-08-26|NorthAmerica	ORF1ab	3593	9	gcaattacg
hCoV-19/USA/CO-CDC-ASC210052534/2021|EPI_ISL_1836279|2021-04-08|NorthAmerica	ORF1ab	3651	9	taagtgtcc
hCoV-19/USA/TX-BSWTemple-ILL-R8-0034/2021|EPI_ISL_2083044|2021-03-10|NorthAmerica	ORF1ab	3740	3	gac
hCoV-19/Brazil/GO-HLAGYN-1602994/2021|EPI_ISL_2187978|2021-04-09|SouthAmerica	ORF1ab	3740	3	gac
hCoV-19/England/ALDP-137927F/2021|EPI_ISL_1244396|2021-02-28|Europe	ORF1ab	3985	3	aca
hCoV-19/Scotland/QEUH-12D2F14/2021|EPI_ISL_1277417|2021-02-19|Europe	ORF1ab	4087	9	aattttggg
hCoV-19/India/MP-NCDC-1009334/2021|EPI_ISL_2459857|2021-01-27|Asia	ORF1ab	5259	9	aggcacagg
hCoV-19/Germany/BE-RKI-I-173205/2021|EPI_ISL_2472372|2021-06-01|Europe	ORF1ab	5777	9	atataactt
hCoV-19/India/GJ-NCDC-NIV-INSACOG-2409100/2021|EPI_ISL_2189641|2021-04-02|Asia	ORF1ab	5957	3	att
hCoV-19/Sweden/SE1410151633/2021|EPI_ISL_2408798|2021-01-29|Europe	ORF1ab	6214	6	gtggca
hCoV-19/USA/MI-UM-10037594993/2020|EPI_ISL_1314265|2020-12-29|NorthAmerica	ORF1ab	6377	12	tgcgtgtgtcgg
hCoV-19/Saudi_Arabia/KFSHRC4/2021|EPI_ISL_2107507|2021-04-15|Asia	ORF1ab	6835	3	aaa
hCoV-19/England/ALDP-A670A3/2020|EPI_ISL_630461|2020-10-12|Europe	ORF1ab	6930	3	ttt
hCoV-19/France/NAQ-HCL021032824101/2021|EPI_ISL_1253557|2021-02-16|Europe	ORF1ab	7203	9	agtccgagg
hCoV-19/USA/TX-HMH-MCoV-23368/2021|EPI_ISL_1077898|2021-01-12|NorthAmerica	ORF1ab	8663	3	ctg
hCoV-19/Nigeria/S30/2020|EPI_ISL_2382421|2020-04-20|Africa	ORF1ab	8940	3	aca
hCoV-19/Belgium/UZA-UA-47493957/2021|EPI_ISL_1259240|2021-03-08|Europe	ORF1ab	8949	9	tagggagga
hCoV-19/USA/TX-HMH-MCoV-33496/2020|EPI_ISL_2200803|2020-12-26|NorthAmerica	ORF1ab	9327	12	ttttctgtgtgt
hCoV-19/USA/TX-HMH-MCoV-22920/2020|EPI_ISL_1077450|2020-12-26|NorthAmerica	ORF1ab	9350	12	tctgttttgctt
hCoV-19/Canada/BC-BCCDC-10020/2020|EPI_ISL_976477|2020-12-14|NorthAmerica	ORF1ab	11071	6	ttcttt
hCoV-19/Wales/PHWC-15C6B7/2020|EPI_ISL_472523|2020-05-09|Europe	ORF1ab	11074	3	ttt
hCoV-19/Wales/PHWC-4CE28C/2021|EPI_ISL_1106304|2021-02-10|Europe	ORF1ab	11074	3	ttt
hCoV-19/England/NORT-2968E7/2020|EPI_ISL_488041|2020-04-27|Europe	ORF1ab	11074	3	ttt
hCoV-19/Australia/VIC627/2020|EPI_ISL_426931|2020-03-29|Oceania	ORF1ab	11074	3	ttt
hCoV-19/Wales/PHWC-15E363/2020|EPI_ISL_472807|2020-05-15|Europe	ORF1ab	11074	3	ttt
hCoV-19/Northern_Ireland/NIRE-245BC0/2020|EPI_ISL_921045|2020-12-30|Europe	ORF1ab	11074	3	ttt
hCoV-19/Philippines/PH-PGC-03875/2021|EPI_ISL_2155651|2021-01-21|Asia	ORF1ab	11075	3	ttc
hCoV-19/USA/MI-QDX-890/2020|EPI_ISL_571611|2020-03-18|NorthAmerica	ORF1ab	11083	6	tttttg
hCoV-19/Canada/ON-S1768/2020|EPI_ISL_755769|2020-11-08|NorthAmerica	ORF1ab	11427	3	tta
hCoV-19/Morocco/moh100/2020|EPI_ISL_476024|2020-05-05|Africa	ORF1ab	11530	3	cag
hCoV-19/USA/TX-HMH-MCoV-11252/2020|EPI_ISL_789144|2020-09-03|NorthAmerica	ORF1ab	11540	3	ttt
hCoV-19/Canada/ABPHL-07505/2021|EPI_ISL_2166059|2021-03-02|NorthAmerica	ORF1ab	11546	9	agcagcgag
hCoV-19/USA/TX-HMH-MCoV-23386/2021|EPI_ISL_1077916|2021-01-12|NorthAmerica	ORF1ab	13386	3	gcg
hCoV-19/Luxembourg/LNS2657883/2020|EPI_ISL_1384356|2020-12-08|Europe	ORF1ab	16189	3	att
hCoV-19/USA/UT-UPHL-210603046679/2021|EPI_ISL_2456733|2021-05-21|NorthAmerica	ORF1ab	16511	12	gtgctaatggac
hCoV-19/Turkey/HSGM-11658/2021|EPI_ISL_2157985|2021-03-11|Europe	ORF1ab	16822	9	gagagtaca
hCoV-19/USA/OR-KCL-21012565COV_07/2021|EPI_ISL_1233424|2021-01-25|NorthAmerica	ORF1ab	16849	3	caa
hCoV-19/USA/CA-QDX-4420/2021|EPI_ISL_914961|2021-01-14|NorthAmerica	ORF1ab	16875	3	aca
hCoV-19/Canada/ON-PHL-21-11331/2021|EPI_ISL_2012196|2021-04-00|NorthAmerica	ORF1ab	16875	12	cagggaggagga
hCoV-19/Germany/un-RKI-I-062640/2021|EPI_ISL_1568032|2021-03-27|Europe	ORF1ab	16986	9	ccccgcgcg
hCoV-19/Denmark/DCGC-33348/2021|EPI_ISL_870358|2021-01-11|Europe	ORF1ab	18385	3	tgc
hCoV-19/Turkey/HSGM-8816/2021|EPI_ISL_2102048|2021-03-09|Europe	ORF1ab	19288	9	gcagtgggt
hCoV-19/Turkey/HSGM-10441/2021|EPI_ISL_2102038|2021-03-09|Europe	ORF1ab	19291	9	gtggtggca
hCoV-19/Russia/MOW_1241/2020|EPI_ISL_2322759|2020-11-25|Europe	ORF1ab	19461	3	tac
hCoV-19/Germany/NW-RKI-I-154266/2021|EPI_ISL_2265499|2021-05-11|Europe	ORF1ab	20073	6	gaatgg
hCoV-19/USA/NJ-CDC-IBX997687632977/2021|EPI_ISL_2186398|2021-04-19|NorthAmerica	ORF1ab	20131	3	gtt
hCoV-19/Turkey/HSGM-9724/2021|EPI_ISL_2102060|2021-03-09|Europe	ORF1ab	20206	9	agagtagaa
hCoV-19/Belgium/CHUNamur1318018001/2021|EPI_ISL_1657198|2021-02-19|Europe	ORF1ab	20768	3	ccg
hCoV-19/Turkey/HSGM-7884/2021|EPI_ISL_2102031|2021-03-09|Europe	ORF1ab	21351	9	aggaataca
hCoV-19/USA/MN1-MDH1/2020|EPI_ISL_414588|2020-03-05|NorthAmerica	ORF1ab	21384	3	ttc
hCoV-19/USA/AZ-TG717269/2021|EPI_ISL_1036499|2021-01-22|NorthAmerica	ORF1ab	21414	9	tttcccctt
hCoV-19/Italy/CAM-AMES-11-71/2021|EPI_ISL_1096716|2021-02-19|Europe	ORF1ab	21414	9	tttcccctt
hCoV-19/Turkey/HSGM-9971/2021|EPI_ISL_2102053|2021-03-09|Europe	ORF1ab	21414	9	aaattaagg
hCoV-19/Turkey/HSGM-9724/2021|EPI_ISL_2102060|2021-03-09|Europe	ORF1ab	21414	9	tttcccctt
hCoV-19/USA/MA-MASPHL-01380/2020|EPI_ISL_876204|2020-12-29|NorthAmerica	S	21569	3	ttt
hCoV-19/USA/CA-CDC-QDX22440184/2021|EPI_ISL_1254316|2021-02-25|NorthAmerica	S	21649	9	ggctggctc
hCoV-19/USA/MN-CDC-IBX020402974095/2021|EPI_ISL_1694262|2021-03-30|NorthAmerica	S	21764	6	gtcaag
hCoV-19/USA/CO-CDC-ASC210000184/2021|EPI_ISL_1445305|2021-03-01|NorthAmerica	S	21819	3	taa
hCoV-19/Lithuania/VULSK-2920/2020|EPI_ISL_914883|2020-12-07|Europe	S	21819	6	taatgt
hCoV-19/Turkey/HSGM-B11931/2021|EPI_ISL_2403346|2021-05-04|Europe	S	21843	6	cactga
hCoV-19/England/ALDP-4A5607/2020|EPI_ISL_559536|2020-06-12|Europe	S	21856	9	aaggctgag
hCoV-19/Belgium/UZA-UA-TIP468/2021|EPI_ISL_1524979|2021-03-18|Europe	S	22083	3	ttt
hCoV-19/England/ALDP-A6C958/2020|EPI_ISL_607200|2020-10-14|Europe	S	22083	3	ttt
hCoV-19/Canada/ABPHL-03969/2021|EPI_ISL_2163978|2021-02-11|NorthAmerica	S	22086	12	cttaggagaatg
hCoV-19/USA/PA-CDC-STM-000050877/2021|EPI_ISL_1735396|2021-04-05|NorthAmerica	S	22104	9	ggcctggct
hCoV-19/USA/NY-NYGC-787-VTM1-OUGT620/2021|EPI_ISL_2443791|2021-01-19|NorthAmerica	S	22203	9	tcaagcctc
hCoV-19/France/ARA-HCL990000251882/2021|EPI_ISL_1239443|2021-02-16|Europe	S	22203	9	tacagatcg
hCoV-19/France/IDF-B119-05/2021|EPI_ISL_1749278|2021-03-12|Europe	S	22203	9	tacagatcg
hCoV-19/France/ARA-HCL021051794401/2021|EPI_ISL_1457770|2021-03-16|Europe	S	22203	9	tacagatcg
hCoV-19/France/BRE-IPP05709/2021|EPI_ISL_1443870|2021-03-16|Europe	S	22203	9	tacagatcg
hCoV-19/England/MILK-B8C845/2020|EPI_ISL_675778|2020-11-13|Europe	S	22204	12	aagcttggaccg
hCoV-19/France/PAC-IHU-10029_Illu1/2020|EPI_ISL_2454073|2020-04-00|Europe	S	22206	9	tacgaggtc
hCoV-19/USA/FL-CDC-STM-000042424/2021|EPI_ISL_1576299|2021-03-22|NorthAmerica	S	22206	9	ggcaggcta
hCoV-19/Costa_Rica/INC-0604/2021|EPI_ISL_2272990|2021-04-21|NorthAmerica	S	22206	9	ggcaggcta
hCoV-19/Austria/CeMM2207/2020|EPI_ISL_934434|2020-12-22|Europe	S	22304	12	ctagtcttactt
hCoV-19/Turkey/HSGM-18467/2021|EPI_ISL_2139583|2021-03-23|Europe	S	22339	9	ggttggaca
hCoV-19/Turkey/HSGM-8569/2021|EPI_ISL_1583215|2021-03-05|Europe	S	22368	3	tct
hCoV-19/Germany/BE-RKI-I-150824/2021|EPI_ISL_2262410|2021-05-07|Europe	S	22451	6	actacc
hCoV-19/Turkey/HSGM-19842/2021|EPI_ISL_1534471|2021-03-24|Europe	S	22630	3	aga
hCoV-19/USA/CA-SEARCH-8182/2021|EPI_ISL_1468947|2021-02-17|NorthAmerica	S	22676	3	cat
hCoV-19/USA/TX-HMH-MCoV-29995/2021|EPI_ISL_1304549|2021-01-22|NorthAmerica	S	22876	3	aac
hCoV-19/USA/CA-UCSC-1032/2020|EPI_ISL_2378816|2020-11-23|NorthAmerica	S	23039	12	caatgtgctatg
hCoV-19/USA/TX-HMH-MCoV-10911/2020|EPI_ISL_1201964|2020-07-06|NorthAmerica	S	23122	6	gcacct
hCoV-19/USA/TX-HMH-MCoV-10335/2020|EPI_ISL_789226|2020-07-07|NorthAmerica	S	23122	6	gcacct
hCoV-19/Romania/BUCHAREST-IMT-1/2020|EPI_ISL_639739|2020-07-20|Europe	S	23518	3	gct
hCoV-19/USA/AK-PHL6923/2021|EPI_ISL_2348956|2021-02-08|NorthAmerica	S	23583	12	ctcactctcgta
hCoV-19/Nepal/S-11-WGS/2021|EPI_ISL_2235225|2021-00-00|Asia	S	23583	6	tcagac
hCoV-19/Morocco/moh100/2020|EPI_ISL_476024|2020-05-05|Africa	S	23671	3	taa
hCoV-19/USA/TX-HMH-MCoV-26520/2021|EPI_ISL_1236300|2021-03-01|NorthAmerica	S	24215	6	gttgga
hCoV-19/Turkey/HSGM-B11931/2021|EPI_ISL_2403346|2021-05-04|Europe	S	24289	3	gga
hCoV-19/Mexico/CMX-INMEGEN-03-11-281/2021|EPI_ISL_1591625|2021-03-25|NorthAmerica	S	24960	3	caa
hCoV-19/USA/TX-HMH-MCoV-41011/2020|EPI_ISL_2224747|2020-07-21|NorthAmerica	S	25168	15	tggaaagttgagcag
hCoV-19/USA/WI-WSLH-210958/2021|EPI_ISL_984210|2021-01-25|NorthAmerica	S	25339	12	gacagatgcatt
hCoV-19/USA/WA-UW-13047/2020|EPI_ISL_570844|2020-06-30|NorthAmerica	ORF3a	25472	3	ttt
hCoV-19/Germany/SN-RKI-I-026126/2021|EPI_ISL_1156311|2021-02-09|Europe	ORF3a	25525	9	caggggaga
hCoV-19/Turkey/HSGM-11375/2021|EPI_ISL_2107316|2021-03-12|Europe	ORF3a	25540	9	ttgcacttc
hCoV-19/USA/TX-HMH-MCoV-26971/2021|EPI_ISL_1236752|2021-02-23|NorthAmerica	ORF3a	25572	9	cagctggag
hCoV-19/USA/TX-HMH-MCoV-26132/2021|EPI_ISL_1235912|2021-03-06|NorthAmerica	ORF3a	25572	9	cagctggag
hCoV-19/USA/WV-WVU-WV090195/2021|EPI_ISL_1423282|2021-01-15|NorthAmerica	ORF3a	25699	3	ccc
hCoV-19/England/ALDP-CB3CEE/2020|EPI_ISL_760898|2020-12-19|Europe	ORF3a	25699	3	ccc
hCoV-19/USA/TX-HMH-MCoV-39879/2020|EPI_ISL_2222585|2020-08-06|NorthAmerica	ORF3a	25699	3	ccc
hCoV-19/USA/TX-HMH-MCoV-39884/2020|EPI_ISL_2222600|2020-08-06|NorthAmerica	ORF3a	25699	3	ccc
hCoV-19/Italy/CAM-TIGEM-1204/2021|EPI_ISL_1049362|2021-00-00|Europe	ORF3a	25699	3	ccc
hCoV-19/Germany/un-RKI-I-085558/2021|EPI_ISL_1722737|2021-03-29|Europe	ORF3a	25699	3	ccc
hCoV-19/Russia/SPE-RII-29032S/2021|EPI_ISL_2259405|2021-03-11|Europe	ORF3a	25699	3	ccc
hCoV-19/Luxembourg/LNS9749963/2021|EPI_ISL_1498771|2021-03-01|Europe	ORF3a	25703	3	ttt
hCoV-19/USA/NY-Wadsworth-21010909-01/2021|EPI_ISL_1226687|2021-01-19|NorthAmerica	ORF3a	25757	3	aat
hCoV-19/USA/CA-CZB-29328/2021|EPI_ISL_1701128|2021-03-04|NorthAmerica	ORF3a	25757	3	aat
hCoV-19/Italy/CAM-TIGEM-1472/2020|EPI_ISL_900593|2020-12-14|Europe	ORF3a	25757	3	aat
hCoV-19/USA/CA-SEARCH-10015/2021|EPI_ISL_1816512|2021-03-09|NorthAmerica	ORF3a	25759	3	taa
hCoV-19/Canada/QC-HCLM-7056141164/2020|EPI_ISL_1390985|2020-11-12|NorthAmerica	ORF3a	25759	3	tag
hCoV-19/Brazil/RS-00671/2020|EPI_ISL_779164|2020-11-26|SouthAmerica	ORF3a	26079	3	ttc
hCoV-19/Italy/CAM-TIGEM-311/2020|EPI_ISL_776970|2020-09-02|Europe	ORF3a	26079	3	ttc
hCoV-19/USA/NY-Wadsworth-21045553-01/2021|EPI_ISL_1855289|2021-04-12|NorthAmerica	ORF3a	26184	9	aagatggcg
hCoV-19/Germany/NI-RKI-I-052815/2021|EPI_ISL_1436230|2021-03-19|Europe	ORF3a	26191	3	cga
hCoV-19/Turkey/HSGM-13006/2021|EPI_ISL_1922102|2021-03-12|Europe	ORF3a	26214	3	tta
hCoV-19/India/PB-NCDC-2709357/2021|EPI_ISL_2461827|2021-04-23|Asia	E	26315	3	cac
hCoV-19/Sri_Lanka/CDR43/2021|EPI_ISL_1970360|2021-04-21|Asia	E	26357	9	ctgtctctt
hCoV-19/Germany/un-RKI-I-085637/2021|EPI_ISL_1722808|2021-03-29|Europe		26500	3	tct
hCoV-19/Lithuania/LTU000_KUL_005136212/2021|EPI_ISL_2082466|2021-04-21|Europe		26500	3	tct
hCoV-19/Luxembourg/LNS9910144/2021|EPI_ISL_1523212|2021-03-22|Europe		26500	3	cct
hCoV-19/Russia/SPE-RII-MH17295S/2021|EPI_ISL_2385271|2021-04-13|Europe		26500	3	tct
hCoV-19/Sweden/SUS0001828/2021|EPI_ISL_2228435|2021-05-01|Europe		26500	3	cct
hCoV-19/Germany/HB-RKI-I-095920/2021|EPI_ISL_1842904|2021-04-09|Europe	M	26803	3	cta
hCoV-19/Belgium/MBLG53285/2020|EPI_ISL_949253|2020-03-23|Europe	M	27084	3	atc
hCoV-19/Switzerland/GE-33058305/2021|EPI_ISL_953633|2021-01-24|Europe	ORF6	27249	3	att
hCoV-19/USA/UT-02853/2020|EPI_ISL_513661|2020-04-29|NorthAmerica	ORF6	27249	3	ata
hCoV-19/England/SHEF-10D36A7/2020|EPI_ISL_763501|2020-12-20|Europe	ORF6	27295	12	taacctagttgc
hCoV-19/USA/AZ-ASU4899/2021|EPI_ISL_1918403|2021-04-07|NorthAmerica	ORF7a	27403	6	tttttt
hCoV-19/USA/NY-UB-00134/2020|EPI_ISL_1009362|2020-04-17|NorthAmerica	ORF7a	27404	12	ttaactctgtat
hCoV-19/England/QEUH-15F466F/2021|EPI_ISL_2435335|2021-05-30|Europe	ORF7a	27408	12	catgtctgtgga
hCoV-19/France/HDF-P360-21092M0721/2021|EPI_ISL_1369248|2021-03-00|Europe	ORF7a	27518	9	cctgtctct
hCoV-19/USA/IN-CDC-ASC210014476/2021|EPI_ISL_1513356|2021-03-20|NorthAmerica	ORF7a	27546	6	ggcaga
hCoV-19/Switzerland/GE-32919041/2021|EPI_ISL_864632|2021-01-09|Europe	ORF7a	27564	3	tcg
hCoV-19/Denmark/DCGC-3928/2020|EPI_ISL_615839|2020-09-14|Europe	ORF7a	27630	3	tgg
hCoV-19/Denmark/DCGC-17218/2020|EPI_ISL_750258|2020-12-14|Europe	ORF7a	27630	3	acc
hCoV-19/Denmark/DCGC-43811/2021|EPI_ISL_1024189|2021-02-01|Europe	ORF7a	27630	3	acc
hCoV-19/Denmark/DCGC-9973/2020|EPI_ISL_668463|2020-11-09|Europe	ORF7a	27630	3	aaa
hCoV-19/Denmark/DCGC-28032/2020|EPI_ISL_815527|2020-12-07|Europe	ORF7a	27630	3	acc
hCoV-19/Denmark/DCGC-47633/2020|EPI_ISL_1067168|2020-12-21|Europe	ORF7a	27630	3	acc
hCoV-19/Denmark/DCGC-19890/2020|EPI_ISL_747592|2020-12-07|Europe	ORF7a	27630	3	acc
hCoV-19/Denmark/DCGC-6327/2020|EPI_ISL_615877|2020-09-14|Europe	ORF7a	27630	3	tgg
hCoV-19/Denmark/DCGC-29561/2021|EPI_ISL_843424|2021-01-04|Europe	ORF7a	27630	3	acc
hCoV-19/Ecuador/NIC-INSPI-317398/2021|EPI_ISL_2348758|2021-05-13|SouthAmerica	ORF7a	27677	3	ctc
hCoV-19/Germany/TH-RKI-I-015226/2021|EPI_ISL_1145364|2021-02-01|Europe	ORF7a	27690	6	tttttt
hCoV-19/France/BRE-IPP05709/2021|EPI_ISL_1443870|2021-03-16|Europe	ORF7a	27691	3	ttt
hCoV-19/USA/PA-CDC-ASC210017258/2021|EPI_ISL_1560736|2021-03-23|NorthAmerica	ORF7a	27749	3	ctt
hCoV-19/France/GES-IPP10968/2020|EPI_ISL_765479|2020-12-18|Europe	ORF7a	27756	9	aaaactttt
hCoV-19/USA/OR-OHSU-2923/2020|EPI_ISL_667419|2020-09-05|NorthAmerica	ORF7b	27791	3	ttt
hCoV-19/Brazil/RS-HBM-39496/2021|EPI_ISL_2139522|2021-03-16|SouthAmerica	ORF7b	27791	6	tagatc
hCoV-19/Philippines/PH-PGC-12073/2021|EPI_ISL_2188182|2021-03-13|Asia	ORF8	27899	3	ttt
hCoV-19/Lithuania/ID6387/2021|EPI_ISL_1005251|2021-01-02|Europe	ORF8	27906	6	tttttt
hCoV-19/Lithuania/NMRVI74241/2021|EPI_ISL_1911577|2021-04-08|Europe	ORF8	27906	6	tttttt
hCoV-19/Lithuania/LTU000_151123_06445/2021|EPI_ISL_1657315|2021-00-00|Europe	ORF8	27906	9	ttttttttt
hCoV-19/Lithuania/LTU000_MB20933/2021|EPI_ISL_1579710|2021-03-18|Europe	ORF8	27906	6	tttttt
hCoV-19/Turkey/HSGM-2035/2021|EPI_ISL_1073735|2021-01-28|Europe	ORF8	27986	3	gta
hCoV-19/Japan/PG-35696/2021|EPI_ISL_1933724|2021-03-09|Asia	ORF8	28120	9	aaaggagag
hCoV-19/Canada/Qc-HGA-U10730172D/2021|EPI_ISL_2293806|2021-01-07|NorthAmerica	ORF8	28134	3	tag
hCoV-19/USA/WA-CDC-ASC210015474/2021|EPI_ISL_2244413|2021-03-21|NorthAmerica	ORF8	28209	12	ccgaagaacgct
hCoV-19/Spain/MD-IBV-99013444/2020|EPI_ISL_831030|2020-12-15|Europe	ORF8	28214	3	ttt
hCoV-19/France/IDF-IPP04770/2021|EPI_ISL_1336340|2021-03-01|Europe	ORF8	28239	12	ttgttttaatct
hCoV-19/USA/CA-RD594-CV004/2021|EPI_ISL_1132883|2021-02-11|NorthAmerica	ORF8	28242	3	ttt
hCoV-19/Pakistan/NIH-16/2020|EPI_ISL_1700787|2020-12-14|Asia	ORF8	28250	3	ctg
hCoV-19/Lithuania/LTU000_151123_06445/2021|EPI_ISL_1657315|2021-00-00|Europe	ORF8	28251	3	ctg
hCoV-19/Poland/NIPH-NIH_ECDC-023/2021|EPI_ISL_1133206|2021-01-26|Europe	ORF8	28251	3	ctg
hCoV-19/Italy/TUS-Siena-23/2021|EPI_ISL_1408886|2021-03-11|Europe		28262	3	aca
hCoV-19/USA/AZ-ASU2621/2021|EPI_ISL_1364812|2021-02-01|NorthAmerica		28265	3	gcc
hCoV-19/England/ALDP-10EB09F/2021|EPI_ISL_907480|2021-01-20|Europe		28265	9	acaaattgc
hCoV-19/USA/CT-CDC-QDX22164280/2021|EPI_ISL_1193475|2021-02-17|NorthAmerica		28272	9	tttctttgg
hCoV-19/USA/CT-JAX-J000036/2021|EPI_ISL_1203820|2021-01-25|NorthAmerica		28272	9	tttctttgg
hCoV-19/USA/AZ-TG280884/2020|EPI_ISL_694213|2020-04-24|NorthAmerica	N	28862	12	cagatcagatcg
hCoV-19/Canada/ON-PHL-21-16922/2021|EPI_ISL_2252927|2021-04-00|NorthAmerica	N	28873	3	ctg
hCoV-19/Germany/un-RKI-I-144379/2021|EPI_ISL_2128716|2021-05-03|Europe	N	28882	3	cgg
hCoV-19/USA/CA-RD630-CV0026/2021|EPI_ISL_1231791|2021-03-04|NorthAmerica	N	28907	9	aaaggagtt
hCoV-19/USA/TX-DSHS-4340/2021|EPI_ISL_1366102|2021-02-02|NorthAmerica	N	28999	9	ccattttgg
hCoV-19/Spain/NC-CHN-01000284/2020|EPI_ISL_1382904|2020-03-25|Europe	N	29016	12	cccaataatact
hCoV-19/USA/FL-CDC-STM-000070608/2021|EPI_ISL_2269812|2021-05-07|NorthAmerica	N	29016	9	cgtttggtg
hCoV-19/USA/CA-CZB-24604/2021|EPI_ISL_1185038|2021-01-06|NorthAmerica	N	29389	3	aag
hCoV-19/USA/TX-HMH-MCoV-29351/2021|EPI_ISL_1303907|2021-01-26|NorthAmerica	N	29389	3	aag
hCoV-19/Italy/CAM-AMES-11-71/2021|EPI_ISL_1096716|2021-02-19|Europe	N	29426	6	catatt
hCoV-19/USA/CA-CZB-31293/2021|EPI_ISL_2228361|2021-01-19|NorthAmerica	N	29451	3	tct
hCoV-19/USA/TX-HMH-MCoV-41228/2021|EPI_ISL_2222775|2021-04-16|NorthAmerica	N	29471	6	ggatga
hCoV-19/Russia/SCPM-O-02/2020|EPI_ISL_451964|2020-03-22|Europe		29768	3	caa
hCoV-19/Germany/NI-IOV-7789086685/2021|EPI_ISL_1268780|2021-00-00|Europe		29784	12	tgcctatatgga
hCoV-19/USA/TX-HMH-MCoV-29731/2021|EPI_ISL_1304287|2021-01-24|NorthAmerica	ORF1ab	532	8	agctggta
hCoV-19/USA/TX-HMH-MCoV-22653/2020|EPI_ISL_1077181|2020-12-30|NorthAmerica	ORF1ab	1665	2	aa
hCoV-19/Uzbekistan/Tashkent-CGB-10/2020|EPI_ISL_1477045|2020-10-14|Asia	ORF1ab	1707	2	cg
hCoV-19/Mexico/SIN_CIAD_HJ1388/2021|EPI_ISL_2026394|2021-04-06|NorthAmerica	ORF1ab	2204	2	ac
hCoV-19/USA/TX-HMH-MCoV-20984/2021|EPI_ISL_1075428|2021-01-05|NorthAmerica	ORF1ab	2317	2	tt
hCoV-19/Belgium/UZA-UA-2376/2021|EPI_ISL_960832|2021-01-13|Europe	ORF1ab	2331	2	gt
hCoV-19/Mongolia/7908/2020|EPI_ISL_626627|2020-04-15|Asia	ORF1ab	2847	5	attga
hCoV-19/USA/TX-HMH-MCoV-22757/2020|EPI_ISL_1077285|2020-12-29|NorthAmerica	ORF1ab	3073	2	ga
hCoV-19/USA/TX-HMH-MCoV-35861/2020|EPI_ISL_2204340|2020-12-15|NorthAmerica	ORF1ab	3073	2	gt
hCoV-19/USA/TX-HMH-MCoV-41700/2020|EPI_ISL_2224994|2020-07-20|NorthAmerica	ORF1ab	3705	5	attat
hCoV-19/USA/TX-HMH-MCoV-25234/2021|EPI_ISL_1079859|2021-01-21|NorthAmerica	ORF1ab	4747	2	tc
hCoV-19/Poland/NIPH-NIH_ECDC-020/2021|EPI_ISL_1133205|2021-01-26|Europe	ORF1ab	4991	2	ac
hCoV-19/USA/OR-UOGC3F-000077/2021|EPI_ISL_1508860|2021-02-15|NorthAmerica	ORF1ab	5259	11	aggcacaggtg
hCoV-19/Fujian/IM3520004T/2020|EPI_ISL_431292|2020-03-18|Asia	ORF1ab	6387	2	ac
hCoV-19/USA/NJ-S39-ILLM/2021|EPI_ISL_1312785|2021-02-10|NorthAmerica	ORF1ab	6663	4	taag
hCoV-19/Belgium/UZA-UA-CV0643201946/2021|EPI_ISL_1103585|2021-02-04|Europe	ORF1ab	6707	2	ag
hCoV-19/Belgium/UZA-UA-8659/2021|EPI_ISL_984266|2021-01-21|Europe	ORF1ab	6707	2	ag
hCoV-19/Bangladesh/BCSIR-DU-30/2021|EPI_ISL_2046750|2021-03-15|Asia	ORF1ab	6749	2	ac
hCoV-19/Cameroun/Douala-HGD_COV2700/2021|EPI_ISL_1257885|2021-02-03|Africa	ORF1ab	6870	2	tt
hCoV-19/Cameroun/Douala-HGD_COV2383/2021|EPI_ISL_1257884|2021-02-01|Africa	ORF1ab	6870	2	tt
hCoV-19/Uzbekistan/Tashkent-CGB-17/2020|EPI_ISL_1477047|2020-12-07|Asia	ORF1ab	6883	2	tg
hCoV-19/India/MH-NEERI-NGP-42956/2021|EPI_ISL_1970628|2021-03-19|Asia	ORF1ab	8025	2	tg
hCoV-19/Belgium/UZA-UA-2376/2021|EPI_ISL_960832|2021-01-13|Europe	ORF1ab	8596	2	gc
hCoV-19/Belgium/UZA-UA-2104/2021|EPI_ISL_961353|2021-01-25|Europe	ORF1ab	9019	2	ac
hCoV-19/USA/TX-HMH-MCoV-8622/2020|EPI_ISL_1203706|2020-07-02|NorthAmerica	ORF1ab	9276	2	ct
hCoV-19/USA/TX-HMH-MCoV-39855/2020|EPI_ISL_2222520|2020-08-06|NorthAmerica	ORF1ab	9854	2	ga
hCoV-19/USA/TX-CDC-ASC210010890/2021|EPI_ISL_1562960|2021-03-18|NorthAmerica	ORF1ab	9858	11	aaaaaagaaac
hCoV-19/USA/TX-HMH-MCoV-24813/2021|EPI_ISL_1079426|2021-01-20|NorthAmerica	ORF1ab	10527	2	tt
hCoV-19/USA/TX-HMH-MCoV-29947/2021|EPI_ISL_1304501|2021-01-25|NorthAmerica	ORF1ab	11046	2	ta
hCoV-19/Denmark/DCGC-2321/2020|EPI_ISL_617658|2020-08-10|Europe	ORF1ab	11075	2	tc
hCoV-19/USA/TX-HMH-MCoV-34544/2020|EPI_ISL_2204160|2020-08-01|NorthAmerica	ORF1ab	11256	13	tgatgcgtattat
hCoV-19/Italy/CAM-IZSM-RD20501664113/2021|EPI_ISL_2342542|2021-03-31|Europe	ORF1ab	11289	2	gc
hCoV-19/USA/TX-HMH-MCoV-39827/2020|EPI_ISL_2222439|2020-08-06|NorthAmerica	ORF1ab	12505	2	aa
hCoV-19/USA/TX-HMH-MCoV-33988/2020|EPI_ISL_2202282|2020-12-24|NorthAmerica	ORF1ab	12987	11	actgctgccgt
hCoV-19/Italy/VEN-IZSVe-20RS2307-17_VE/2020|EPI_ISL_977161|2020-12-18|Europe	ORF1ab	13545	2	tg
hCoV-19/Mongolia/7908/2020|EPI_ISL_626627|2020-04-15|Asia	ORF1ab	13545	17	tatttgacatctacaat
hCoV-19/USA/TX-HMH-MCoV-26766/2021|EPI_ISL_1236547|2021-02-26|NorthAmerica	ORF1ab	14459	4	ttag
hCoV-19/USA/TX-HMH-MCoV-29284/2021|EPI_ISL_1303842|2021-01-27|NorthAmerica	ORF1ab	14764	2	tc
hCoV-19/Belgium/UZA-UA-00162900/2021|EPI_ISL_1039242|2021-02-06|Europe	ORF1ab	18080	2	ga
hCoV-19/Brazil/RJ-0920/2020|EPI_ISL_636838|2020-03-29|SouthAmerica	ORF1ab	18179	2	tt
hCoV-19/Bangladesh/BCSIR-NILMRC-765/2021|EPI_ISL_2467939|2021-05-18|Asia	ORF1ab	18281	2	at
hCoV-19/USA/TX-HMH-MCoV-38733/2020|EPI_ISL_2214146|2020-12-08|NorthAmerica	ORF1ab	18904	2	ca
hCoV-19/Belgium/UZA-UA-00162922/2021|EPI_ISL_1039246|2021-02-05|Europe	ORF1ab	19355	2	ag
hCoV-19/USA/TX-HMH-MCoV-22757/2020|EPI_ISL_1077285|2020-12-29|NorthAmerica	ORF1ab	19355	2	aa
hCoV-19/North_Macedonia/ZMC6172/2020|EPI_ISL_760246|2020-06-05|Europe	ORF1ab	19416	7	tagtatc
hCoV-19/USA/NC-UNC-0036/2020|EPI_ISL_832092|2020-04-00|NorthAmerica	ORF1ab	19528	4	tgct
hCoV-19/Belgium/UZA-UA-5637/2021|EPI_ISL_955139|2021-01-18|Europe	ORF1ab	19746	2	ta
hCoV-19/Egypt/NRC-6408/2020|EPI_ISL_2380052|2020-08-05|Africa	ORF1ab	19969	2	ac
hCoV-19/USA/NM-CDC-IBX904545242090/2021|EPI_ISL_1587914|2021-03-31|NorthAmerica	ORF1ab	20005	2	tt
hCoV-19/USA/TX-HMH-MCoV-9192/2020|EPI_ISL_1203761|2020-07-02|NorthAmerica	ORF1ab	20135	2	aa
hCoV-19/Belgium/UZA-UA-1054/2021|EPI_ISL_1036647|2021-02-01|Europe	ORF1ab	20202	2	ta
hCoV-19/Belgium/UZA-UA-31090890/2021|EPI_ISL_1039250|2021-02-02|Europe	ORF1ab	21389	2	ta
hCoV-19/Italy/CAM-IZSM-RD00182728/2020|EPI_ISL_2342536|2020-12-26|Europe	S	21765	2	ca
hCoV-19/USA/TX-HMH-MCoV-22893/2020|EPI_ISL_1077423|2020-12-27|NorthAmerica	S	21827	2	at
hCoV-19/USA/TX-CDC-STM-000043689/2021|EPI_ISL_1581146|2021-03-23|NorthAmerica	S	21986	7	gtgtgta
hCoV-19/USA/NJ-CDC-ASC210010680/2021|EPI_ISL_1563244|2021-03-18|NorthAmerica	S	21986	7	gtgtgta
hCoV-19/Spain/RI-IBV-99027929/2021|EPI_ISL_1971049|2021-04-07|Europe	S	21990	2	tt
hCoV-19/India/DL-ICMR-210613173/2021|EPI_ISL_2399423|2021-02-00|Asia	S	21990	2	tt
hCoV-19/USA/TX-HMH-MCoV-38048/2021|EPI_ISL_2204914|2021-03-28|NorthAmerica	S	21990	2	tt
hCoV-19/USA/OR-OSPHL00511/2021|EPI_ISL_2139635|2021-05-05|NorthAmerica	S	22014	7	ctagctc
hCoV-19/USA/TX-HMH-MCoV-39893/2020|EPI_ISL_2222627|2020-08-06|NorthAmerica	S	22433	5	agact
hCoV-19/India/MH-NEERI-NGP-34222/2021|EPI_ISL_1718261|2021-02-07|Asia	S	22515	7	cagcacc
hCoV-19/USA/TX-HMH-MCoV-10667/2020|EPI_ISL_1201947|2020-07-09|NorthAmerica	S	23118	2	gc
hCoV-19/USA/TX-HMH-MCoV-12135/2020|EPI_ISL_1202084|2020-09-21|NorthAmerica	S	23118	2	gc
hCoV-19/USA/TX-HMH-MCoV-9155/2020|EPI_ISL_1203757|2020-07-02|NorthAmerica	S	23118	2	gc
hCoV-19/USA/TX-HMH-MCoV-10730/2020|EPI_ISL_1201953|2020-07-09|NorthAmerica	S	23122	4	gcac
hCoV-19/Belgium/UZA-UA-11733422/2021|EPI_ISL_1040472|2021-02-03|Europe	S	23367	2	ca
hCoV-19/USA/TX-HMH-MCoV-25241/2021|EPI_ISL_1079866|2021-01-20|NorthAmerica	S	23671	4	aaaa
hCoV-19/USA/TX-HMH-MCoV-23505/2021|EPI_ISL_1078035|2021-01-13|NorthAmerica	S	23671	4	aaat
hCoV-19/Sri_Lanka/RTH1/2021|EPI_ISL_1239362|2021-02-17|Asia	S	24215	4	cact
hCoV-19/USA/TX-HMH-MCoV-9164/2020|EPI_ISL_1203758|2020-07-02|NorthAmerica	S	24382	7	tttgcga
hCoV-19/USA/TX-HMH-MCoV-24181/2021|EPI_ISL_1078735|2021-01-16|NorthAmerica	S	25186	2	ta
hCoV-19/Belgium/UZA-UA-11732684/2021|EPI_ISL_1039248|2021-02-03|Europe	ORF3a	25445	2	at
hCoV-19/USA/TX-HMH-MCoV-31184/2021|EPI_ISL_1305686|2021-02-27|NorthAmerica	ORF3a	26046	5	ttgag
hCoV-19/USA/TX-HMH-MCoV-37250/2021|EPI_ISL_2203356|2021-03-25|NorthAmerica	ORF3a	26125	2	aa
hCoV-19/Spain/RI-IBV-99015997/2020|EPI_ISL_1093080|2020-12-06|Europe		26482	2	ta
hCoV-19/USA/TX-HMH-MCoV-39917/2020|EPI_ISL_2222703|2020-08-06|NorthAmerica	M	26654	2	tt
hCoV-19/USA/FL-06-UMTL-A6U4/2020|EPI_ISL_479770|2020-04-15|NorthAmerica	M	26719	5	ttaac
hCoV-19/Sweden/SUS0000683/2021|EPI_ISL_1629523|2021-04-07|Europe	ORF6	27296	11	ctcttaggtgg
hCoV-19/England/LOND-D5954/2020|EPI_ISL_478409|2020-04-17|Europe	ORF6	27372	11	acattagaggg
hCoV-19/Spain/MD-IBV-004978/2020|EPI_ISL_481050|2020-05-13|Europe	ORF6	27376	4	agat
hCoV-19/France/CVL-IPP05568/2021|EPI_ISL_1588834|2021-02-28|Europe	ORF6	27383	4	atct
hCoV-19/USA/WA-S5368/2020|EPI_ISL_1229172|2020-10-26|NorthAmerica	ORF6	27384	4	tctc
hCoV-19/USA/MDH-8144/2020|EPI_ISL_454431|2020-03-13|NorthAmerica	ORF6	27384	8	ctgttctc
hCoV-19/Japan/PG-19751/2021|EPI_ISL_1123436|2021-01-19|Asia	ORF7a	27407	11	tgactttaacc
hCoV-19/USA/MI-UM-10033991503/2020|EPI_ISL_578185|2020-04-22|NorthAmerica	ORF7a	27455	2	ag
hCoV-19/Wales/PHWC-166289/2020|EPI_ISL_493984|2020-06-13|Europe	ORF7a	27527	2	ta
hCoV-19/Denmark/DCGC-17748/2020|EPI_ISL_750369|2020-12-14|Europe	ORF7a	27576	2	tt
hCoV-19/Luxembourg/LNS7552009/2021|EPI_ISL_910607|2021-01-02|Europe	ORF7a	27576	2	ca
hCoV-19/Denmark/DCGC-14302/2020|EPI_ISL_711186|2020-11-30|Europe	ORF7a	27576	2	aa
hCoV-19/Denmark/DCGC-47224/2020|EPI_ISL_1066737|2020-12-07|Europe	ORF7a	27576	2	ta
hCoV-19/Denmark/DCGC-29830/2020|EPI_ISL_843877|2020-12-28|Europe	ORF7a	27576	2	ta
hCoV-19/Ecuador/NIC-INSPI-315127/2021|EPI_ISL_2488729|2021-05-07|SouthAmerica	ORF7a	27630	8	aacaaaca
hCoV-19/France/BRE-IPP05906/2021|EPI_ISL_1389321|2021-03-16|Europe	ORF7a	27691	2	tt
hCoV-19/England/ALDP-A6E6E6/2020|EPI_ISL_606960|2020-10-15|Europe	ORF7b	27765	5	ctcaa
hCoV-19/Denmark/DCGC-10669/2020|EPI_ISL_669594|2020-11-02|Europe	ORF7b	27784	2	tc
hCoV-19/USA/TX-HMH-MCoV-24274/2021|EPI_ISL_1078828|2021-01-15|NorthAmerica	ORF7b	27791	2	tt
hCoV-19/Belgium/UZA-UA-4136/2021|EPI_ISL_955138|2021-01-20|Europe	ORF7b	27798	2	gc
hCoV-19/USA/DC-DFS-PHL-0202/2021|EPI_ISL_1180239|2021-02-13|NorthAmerica	ORF7b	27808	11	caccgaggcca
hCoV-19/Cameroun/Douala-HGD_COV2700/2021|EPI_ISL_1257885|2021-02-03|Africa	ORF7b	27886	4	tctt
hCoV-19/USA/OH-CDC-LC0052549/2021|EPI_ISL_1930670|2021-04-13|NorthAmerica	ORF8	27899	2	tt
hCoV-19/Lithuania/NMRVI67196/2021|EPI_ISL_2095827|2021-04-01|Europe	ORF8	27906	5	ttttt
hCoV-19/USA/CO-CDC-FG-034722/2021|EPI_ISL_2269233|2021-05-13|NorthAmerica	ORF8	27906	2	tt
hCoV-19/USA/NY-NYGC-E3335728-ELRT077/2021|EPI_ISL_2031771|2021-02-05|NorthAmerica	ORF8	27966	5	ggaag
hCoV-19/USA/TX-HMH-MCoV-37991/2020|EPI_ISL_2213434|2020-11-29|NorthAmerica	ORF8	28017	10	gggtcgcgcc
hCoV-19/England/ALDP-951EC1/2020|EPI_ISL_551294|2020-06-10|Europe	ORF8	28028	2	ta
hCoV-19/England/LIVE-A012D/2020|EPI_ISL_478376|2020-06-04|Europe	ORF8	28028	2	ta
hCoV-19/England/QEUH-14C1F9E/2021|EPI_ISL_1595329|2021-03-31|Europe	ORF8	28048	2	ta
hCoV-19/Italy/CAM-TIGEM-3033/2021|EPI_ISL_1176022|2021-00-00|Europe	ORF8	28162	2	gt
hCoV-19/Philippines/PH-PGC-01024/2021|EPI_ISL_2107792|2021-01-06|Asia	ORF8	28239	5	ttttt
hCoV-19/USA/TX-HMH-MCoV-39715/2020|EPI_ISL_2222106|2020-08-07|NorthAmerica	ORF8	28249	5	gatct
hCoV-19/USA/TX-HMH-MCoV-29051/2021|EPI_ISL_1303615|2021-02-23|NorthAmerica	ORF8	28251	2	tg
hCoV-19/USA/WA-UW-62782/2021|EPI_ISL_2348962|2021-02-10|NorthAmerica	ORF8	28253	5	cggtt
hCoV-19/USA/WV-CDC-4081708-002/2021|EPI_ISL_2036079|2021-04-09|NorthAmerica	ORF8	28255	2	ct
hCoV-19/USA/OH-UHTL-688/2021|EPI_ISL_2091082|2021-04-26|NorthAmerica	ORF8	28256	4	ctgt
hCoV-19/USA/OH-UHTL-764/2021|EPI_ISL_2193405|2021-05-10|NorthAmerica	ORF8	28256	8	taaacgaa
hCoV-19/Russia/MUR-RII-MH6333S/2020|EPI_ISL_1400520|2020-11-11|Europe	ORF8	28257	2	ct
hCoV-19/India/KL-ICMR-423/2021|EPI_ISL_1312366|2021-00-00|Asia	ORF8	28257	4	tcta
hCoV-19/Brazil/SP-IB_111914/2021|EPI_ISL_2493286|2021-05-27|SouthAmerica		28262	4	aaca
hCoV-19/Brazil/SP-SJRP129889/2021|EPI_ISL_2008932|2021-04-27|SouthAmerica		28262	4	aaca
hCoV-19/Turkey/HSGM-3302/2021|EPI_ISL_1063969|2021-01-28|Europe		28262	4	aaca
hCoV-19/Brazil/SP-21193/2021|EPI_ISL_2295403|2021-04-14|SouthAmerica		28262	4	aaca
hCoV-19/Spain/AS-_242199938/2021|EPI_ISL_2407652|2021-05-05|Europe		28262	4	aaca
hCoV-19/England/ALDP-1576DD9/2021|EPI_ISL_2117967|2021-05-09|Europe		28262	4	aaca
hCoV-19/Brazil/SP-IB_110893/2021|EPI_ISL_2494337|2021-05-19|SouthAmerica		28262	4	aaca
hCoV-19/Brazil/SP-IB_110837/2021|EPI_ISL_2493285|2021-05-17|SouthAmerica		28262	4	aaca
hCoV-19/Brazil/SP-IB_103088/2021|EPI_ISL_2345908|2021-04-20|SouthAmerica		28262	4	aaca
hCoV-19/Brazil/SP-IB_111051/2021|EPI_ISL_2493511|2021-05-16|SouthAmerica		28262	4	aaca
hCoV-19/USA/OR-OHSU-11486/2021|EPI_ISL_2462136|2021-04-26|NorthAmerica		28262	4	aaca
hCoV-19/USA/CA-CZB-30212/2021|EPI_ISL_2102551|2021-03-16|NorthAmerica		28262	4	aaca
hCoV-19/Brazil/RN-00860/2021|EPI_ISL_1213185|2021-01-28|SouthAmerica		28262	4	aaca
hCoV-19/Brazil/SP-ACCLGBM2/2021|EPI_ISL_1511643|2021-01-29|SouthAmerica		28262	4	aaca
hCoV-19/USA/TX-HMH-MCoV-44106/2021|EPI_ISL_2225324|2021-04-29|NorthAmerica		28262	4	aaca
hCoV-19/Mexico/CAM_LANGEBIO_IMSS_0645/2021|EPI_ISL_2402062|2021-04-26|NorthAmerica		28262	4	aaca
hCoV-19/Germany/un-RKI-I-085549/2021|EPI_ISL_1722729|2021-03-29|Europe		28262	4	aaac
hCoV-19/Spain/GA-CHUVI-19258616/2021|EPI_ISL_1595727|2021-04-02|Europe		28262	4	aaca
hCoV-19/Brazil/SP-BTSC-8/2021|EPI_ISL_2223452|2021-04-05|SouthAmerica		28262	4	aaca
hCoV-19/USA/NC-CDC-LC0066107/2021|EPI_ISL_2480859|2021-05-24|NorthAmerica		28262	4	aaca
hCoV-19/Spain/CT-HUVH-E59990/2021|EPI_ISL_1854462|2021-03-25|Europe		28262	4	aaca
hCoV-19/USA/IA-S21WGS1963/2021|EPI_ISL_2403117|2021-05-19|NorthAmerica		28262	4	aaca
hCoV-19/France/IDF-IPP04907/2021|EPI_ISL_1262988|2021-03-01|Europe		28262	4	aaca
hCoV-19/USA/FL-CDC-ASC210062509/2021|EPI_ISL_2181633|2021-05-11|NorthAmerica		28262	4	aaca
hCoV-19/Brazil/SP-IB_101766/2021|EPI_ISL_2344835|2021-04-20|SouthAmerica		28262	4	aaca
hCoV-19/Brazil/SP-IB_102179/2021|EPI_ISL_2345219|2021-04-26|SouthAmerica		28262	4	aaca
hCoV-19/USA/IL-CDC-ASC210068690/2021|EPI_ISL_2035227|2021-04-13|NorthAmerica		28262	4	aaca
hCoV-19/Brazil/SP-BT13035/2021|EPI_ISL_1000671|2021-01-22|SouthAmerica		28262	4	aaca
hCoV-19/Brazil/AM-00703/2021|EPI_ISL_1213206|2021-01-18|SouthAmerica		28262	4	aaca
hCoV-19/USA/AK-PHL8440/2021|EPI_ISL_1967940|2021-04-27|NorthAmerica		28262	4	aaca
hCoV-19/Italy/CAM-TIGEM-IZSM-COLLI-13824/2021|EPI_ISL_2275827|2021-05-18|Europe		28262	4	aaca
hCoV-19/USA/TX-HMH-MCoV-30673/2021|EPI_ISL_1305222|2021-02-25|NorthAmerica		28262	4	aaca
hCoV-19/Brazil/PB-FIOCRUZ-18345/2021|EPI_ISL_2274092|2021-02-08|SouthAmerica		28262	4	aaca
hCoV-19/Italy/CAM-TIGEM-IZSM-COLLI-10960/2021|EPI_ISL_2029534|2021-04-14|Europe		28262	4	aaca
hCoV-19/Sweden/2867738463/2021|EPI_ISL_2221389|2021-03-22|Europe		28262	4	aaac
hCoV-19/Sweden/2868769063/2021|EPI_ISL_2257212|2021-03-29|Europe		28262	4	aaac
hCoV-19/Brazil/RN-00878/2021|EPI_ISL_1213183|2021-01-29|SouthAmerica		28262	4	aaca
hCoV-19/Italy/CAM-TIGEM-IZSM-COLLI-13412/2021|EPI_ISL_2226888|2021-05-06|Europe		28262	4	aaca
hCoV-19/Brazil/SP-IB_102104/2021|EPI_ISL_2345144|2021-04-26|SouthAmerica		28262	4	aaca
hCoV-19/Canada/AB-ABPHL-15748/2021|EPI_ISL_2478920|2021-04-20|NorthAmerica		28262	4	aaca
hCoV-19/USA/OR-OHSU-11324/2021|EPI_ISL_2378908|2021-04-22|NorthAmerica		28262	4	aaca
hCoV-19/Italy/CAM-TIGEM-IZSM-COLLI-9064/2021|EPI_ISL_1673540|2021-04-03|Europe		28262	4	aaca
hCoV-19/France/ARA-HCL021073351501/2021|EPI_ISL_1934940|2021-04-15|Europe		28262	4	aaca
hCoV-19/USA/WA-S7128/2021|EPI_ISL_2011553|2021-04-21|NorthAmerica		28262	4	aaca
hCoV-19/USA/OR-OSPHL00602/2021|EPI_ISL_2203066|2021-05-06|NorthAmerica		28262	4	aaca
hCoV-19/Brazil/GO-HLAGYN-1671054/2021|EPI_ISL_2497451|2021-05-24|SouthAmerica		28262	4	aaca
hCoV-19/Brazil/RN-00847/2021|EPI_ISL_1213194|2021-01-26|SouthAmerica		28262	4	aaca
hCoV-19/Brazil/SP-IB_112257/2021|EPI_ISL_2494260|2021-05-25|SouthAmerica		28262	4	aaca
hCoV-19/Italy/CAM-TIGEM-IZSM-COLLI-13003/2021|EPI_ISL_2194267|2021-05-02|Europe		28262	4	aaca
hCoV-19/Germany/RP-RKI-I-088511/2021|EPI_ISL_1725040|2021-04-13|Europe		28262	4	aaca
hCoV-19/Spain/GA-CHOP-51600617/2021|EPI_ISL_2285125|2021-05-11|Europe		28262	4	aaca
hCoV-19/USA/WA-S7194/2021|EPI_ISL_2011636|2021-04-23|NorthAmerica		28262	4	aaca
hCoV-19/USA/OH-UHTL-764/2021|EPI_ISL_2193405|2021-05-10|NorthAmerica		28262	4	aaca
hCoV-19/USA/WA-S7329/2021|EPI_ISL_2136595|2021-04-22|NorthAmerica		28262	4	aaca
hCoV-19/USA/IL-CDC-ASC210060023/2021|EPI_ISL_2146467|2021-05-06|NorthAmerica		28262	4	aaca
hCoV-19/Italy/UMB-IZSGC-103976.1.2/2021|EPI_ISL_1164755|2021-02-18|Europe		28262	4	aaca
hCoV-19/Italy/LAZ-INMI-356/2021|EPI_ISL_1229141|2021-03-01|Europe		28262	4	aaca
hCoV-19/USA/IN-INSPHL-00717/2021|EPI_ISL_1710873|2021-04-07|NorthAmerica		28262	4	aaca
hCoV-19/Belgium/MBLG200947/2021|EPI_ISL_2348915|2021-05-20|Europe		28262	4	aaca
hCoV-19/Brazil/SP-IB_100990/2021|EPI_ISL_2170897|2021-04-05|SouthAmerica		28262	4	aaca
hCoV-19/USA/MA-MASPHL-03064/2021|EPI_ISL_1624505|2021-04-05|NorthAmerica		28262	4	aaca
hCoV-19/Italy/CAM-TIGEM-IZSM-COLLI-13287/2021|EPI_ISL_2194501|2021-05-05|Europe		28262	4	aaca
hCoV-19/Brazil/SP-IB_100778/2021|EPI_ISL_1966771|2021-04-14|SouthAmerica		28262	4	aaca
hCoV-19/Italy/UMB-IZSGC-233264/2021|EPI_ISL_1785251|2021-04-20|Europe		28262	4	aaca
hCoV-19/Brazil/RS-LMM53991/2021|EPI_ISL_2375508|2021-04-17|SouthAmerica		28264	4	caaa
hCoV-19/USA/TX-DSHS-6797/2021|EPI_ISL_2443309|2021-05-08|NorthAmerica		28264	4	caaa
hCoV-19/Brazil/RS-LMM54276/2021|EPI_ISL_2382535|2021-04-21|SouthAmerica		28264	4	caaa
hCoV-19/Bangladesh/BCSIR-DNAS-03/2021|EPI_ISL_1636522|2021-01-17|Asia		28269	2	ta
hCoV-19/USA/MA-Broad_CRSP-01259/2021|EPI_ISL_1253810|2021-02-23|NorthAmerica		28272	10	ttttctttgg
hCoV-19/USA/TX-HMH-MCoV-10670/2020|EPI_ISL_1201948|2020-07-08|NorthAmerica	N	28675	5	agcac
hCoV-19/Morocco/RA85/2020|EPI_ISL_467299|2020-05-21|Africa	N	28692	2	at
hCoV-19/USA/TX-HMH-MCoV-9164/2020|EPI_ISL_1203758|2020-07-02|NorthAmerica	N	28783	2	tg
hCoV-19/USA/TX-HMH-MCoV-9668/2020|EPI_ISL_1203813|2020-07-07|NorthAmerica	N	28783	2	tg
hCoV-19/USA/TX-HMH-MCoV-10868/2020|EPI_ISL_1201959|2020-07-09|NorthAmerica	N	28783	2	tg
hCoV-19/England/ALDP-1576DD9/2021|EPI_ISL_2117967|2021-05-09|Europe	ORF10	29593	2	at
hCoV-19/Brazil/SP-IB_100778/2021|EPI_ISL_1966771|2021-04-14|SouthAmerica		29682	4	aatc
hCoV-19/USA/NC-UNC-0036/2020|EPI_ISL_832092|2020-04-00|NorthAmerica		29721	2	ca
hCoV-19/USA/FL-CDC-ASC210062509/2021|EPI_ISL_2181633|2021-05-11|NorthAmerica		29727	8	acacaagc
hCoV-19/Germany/RP-RKI-I-088511/2021|EPI_ISL_1725040|2021-04-13|Europe		29788	4	tata
hCoV-19/USA/TN-BEM-0042/2021|EPI_ISL_1498096|2021-03-17|NorthAmerica		29789	2	tg
hCoV-19/USA/MO-MSPHL-000343/2020|EPI_ISL_1362885|2020-11-23|NorthAmerica	ORF10	130	4	aatt
hCoV-19/USA/NY-Wadsworth-21020871-01/2021|EPI_ISL_1671144|2021-02-03|NorthAmerica	ORF10	237	2	tt
hCoV-19/USA/CT-JAX-J000036/2021|EPI_ISL_1203820|2021-01-25|NorthAmerica	ORF1ab	381	7	ccttgcc
hCoV-19/USA/TX-HMH-MCoV-29248/2021|EPI_ISL_1303806|2021-01-27|NorthAmerica	ORF1ab	532	8	agctggta
hCoV-19/Belgium/UZA-UA-6465/2021|EPI_ISL_961464|2021-01-27|Europe	ORF1ab	808	2	at
hCoV-19/USA/TX-HMH-MCoV-44241/2021|EPI_ISL_2225479|2021-05-02|NorthAmerica	ORF1ab	946	10	gtatactgct
hCoV-19/USA/TX-HMH-MCoV-40607/2020|EPI_ISL_2223790|2020-07-22|NorthAmerica	ORF1ab	1250	2	ct
hCoV-19/USA/TX-HMH-MCoV-36187/2021|EPI_ISL_2201504|2021-03-23|NorthAmerica	ORF1ab	1658	2	tt
hCoV-19/Belgium/UZA-UA-CV0633706555/2021|EPI_ISL_1039519|2021-02-04|Europe	ORF1ab	2331	2	gt
hCoV-19/USA/TX-HMH-MCoV-24344/2021|EPI_ISL_1078898|2021-01-16|NorthAmerica	ORF1ab	3424	2	ac
hCoV-19/Belgium/UZA-UA-00162905/2021|EPI_ISL_1039244|2021-02-06|Europe	ORF1ab	3757	2	tg
hCoV-19/Belgium/UZA-UA-CV0165876844/2021|EPI_ISL_1040470|2021-02-02|Europe	ORF1ab	4403	2	gc
hCoV-19/England/CAMC-1516306/2021|EPI_ISL_1912088|2021-04-15|Europe	ORF1ab	4993	2	at
hCoV-19/Senegal/64772/2020|EPI_ISL_477154|2020-06-13|Africa	ORF1ab	5013	4	tgcg
hCoV-19/India/MH-NCCS-90635/2021|EPI_ISL_1415089|2020-10-05|Asia	ORF1ab	5013	2	tg
hCoV-19/USA/FL-CDC-IBX335118713367/2021|EPI_ISL_1587964|2021-03-29|NorthAmerica	ORF1ab	5049	4	agat
hCoV-19/USA/TX-HMH-MCoV-39455/2020|EPI_ISL_2221000|2020-08-07|NorthAmerica	ORF1ab	5223	2	aa
hCoV-19/USA/TX-HMH-MCoV-30417/2020|EPI_ISL_1304970|2020-12-25|NorthAmerica	ORF1ab	5673	2	tt
hCoV-19/USA/TX-HMH-MCoV-32997/2020|EPI_ISL_2191642|2020-12-18|NorthAmerica	ORF1ab	5773	2	aa
hCoV-19/USA/TX-HMH-MCoV-35734/2021|EPI_ISL_2201126|2021-03-19|NorthAmerica	ORF1ab	5861	2	tt
hCoV-19/Belgium/UZA-UA-9451/2021|EPI_ISL_984274|2021-01-22|Europe	ORF1ab	6707	2	ag
hCoV-19/Belgium/UZA-UA-CV0614875118/2021|EPI_ISL_1097311|2021-01-30|Europe	ORF1ab	6707	2	ag
hCoV-19/Belgium/UZA-UA-24878613/2021|EPI_ISL_1040473|2021-02-08|Europe	ORF1ab	6707	2	ag
hCoV-19/USA/TX-HMH-MCoV-21179/2021|EPI_ISL_1075623|2021-01-01|NorthAmerica	ORF1ab	7282	7	tttctat
hCoV-19/USA/TX-HMH-MCoV-33078/2020|EPI_ISL_2191723|2020-12-21|NorthAmerica	ORF1ab	8076	5	acgca
hCoV-19/USA/TX-HMH-MCoV-24589/2021|EPI_ISL_1079171|2021-01-19|NorthAmerica	ORF1ab	8532	2	aa
hCoV-19/Belgium/UZA-UA-0956/2021|EPI_ISL_888822|2021-01-20|Europe	ORF1ab	9019	2	ga
hCoV-19/USA/NC-UNC-0500/2021|EPI_ISL_1261877|2021-02-22|NorthAmerica	ORF1ab	9276	2	ct
hCoV-19/India/UP-CCMB-CIA1730/2021|EPI_ISL_2400320|2021-04-11|Asia	ORF1ab	11074	2	tt
hCoV-19/USA/TX-HMH-MCoV-40331/2020|EPI_ISL_2223513|2020-08-03|NorthAmerica	ORF1ab	11074	2	tt
hCoV-19/USA/TX-HMH-MCoV-28758/2021|EPI_ISL_1238542|2021-02-04|NorthAmerica	ORF1ab	11074	2	tt
hCoV-19/Sri_Lanka/CMC87137/2021|EPI_ISL_1582411|2021-03-17|Asia	ORF1ab	11075	4	tttt
hCoV-19/USA/TX-HMH-MCoV-28564/2021|EPI_ISL_1238348|2021-02-06|NorthAmerica	ORF1ab	11256	13	tgatgcgtattat
hCoV-19/USA/TX-HMH-MCoV-21517/2021|EPI_ISL_1075963|2021-01-05|NorthAmerica	ORF1ab	11540	5	ttttt
hCoV-19/USA/TX-HMH-MCoV-24315/2021|EPI_ISL_1078869|2021-01-16|NorthAmerica	ORF1ab	11990	4	aaaa
hCoV-19/USA/AZ-ASPHL-2408/2020|EPI_ISL_2383062|2020-08-04|NorthAmerica	ORF1ab	13343	8	acatggaa
hCoV-19/USA/AZ-ASPHL-2387/2020|EPI_ISL_2383068|2020-07-31|NorthAmerica	ORF1ab	13343	8	acatggaa
hCoV-19/Sri_Lanka/CMC83435/2021|EPI_ISL_1239363|2021-02-16|Asia	ORF1ab	13463	4	gtta
hCoV-19/USA/TX-HMH-MCoV-24142/2021|EPI_ISL_1078696|2021-01-15|NorthAmerica	ORF1ab	14305	2	aa
hCoV-19/USA/TX-HMH-MCoV-42433/2020|EPI_ISL_2224322|2020-07-13|NorthAmerica	ORF1ab	15219	2	at
hCoV-19/Belgium/UZA-UA-CV0615052041/2021|EPI_ISL_1039254|2021-01-21|Europe	ORF1ab	18080	2	ga
hCoV-19/France/HDF-P211-21122M0945/2021|EPI_ISL_1910877|2021-03-21|Europe	ORF1ab	19285	2	ct
hCoV-19/Egypt/NRC-6003/2020|EPI_ISL_2380077|2020-06-23|Africa	ORF1ab	19291	2	gt
hCoV-19/USA/PA-CDC-STM-000044005/2021|EPI_ISL_1581718|2021-03-24|NorthAmerica	ORF1ab	19297	7	ggttgtg
hCoV-19/USA/TX-HMH-MCoV-35313/2020|EPI_ISL_2220684|2020-08-10|NorthAmerica	ORF1ab	20046	2	ta
hCoV-19/Egypt/NRC-6773/2020|EPI_ISL_2380076|2020-09-23|Africa	ORF1ab	20455	2	ct
hCoV-19/USA/NC-UNC-0001/2020|EPI_ISL_832082|2020-04-00|NorthAmerica	ORF1ab	21230	4	ccag
hCoV-19/USA/AZ-ASPHL-2408/2020|EPI_ISL_2383062|2020-08-04|NorthAmerica	ORF1ab	21384	8	tccagcct
hCoV-19/Belgium/UZA-UA-0961/2021|EPI_ISL_888824|2021-01-19|Europe	ORF1ab	21460	4	tcat
hCoV-19/Italy/CAM-IZSM-RD00182729/2020|EPI_ISL_2342537|2020-12-26|Europe	S	21765	2	ca
hCoV-19/Germany/BE-ChVir-LB-210429-8316/2021|EPI_ISL_1840839|2021-04-20|Europe	S	21990	2	tt
hCoV-19/Portugal/PT6554/2021|EPI_ISL_1853495|2021-04-08|Europe	S	21990	2	tt
hCoV-19/USA/WI-UW-4354/2021|EPI_ISL_1827554|2021-04-21|NorthAmerica	S	21995	2	tt
hCoV-19/Mexico/CMX-INMEGEN-05-01-193/2021|EPI_ISL_2178748|2021-05-06|NorthAmerica	S	21995	5	ctatt
hCoV-19/USA/TX-HMH-MCoV-35729/2021|EPI_ISL_2201117|2021-03-19|NorthAmerica	S	22120	2	aa
hCoV-19/USA/FL-CDC-STM-000042424/2021|EPI_ISL_1576299|2021-03-22|NorthAmerica	S	22133	2	tc
hCoV-19/USA/TX-HMH-MCoV-33218/2020|EPI_ISL_2200174|2020-12-10|NorthAmerica	S	22705	2	gt
hCoV-19/USA/TX-HMH-MCoV-23368/2021|EPI_ISL_1077898|2021-01-12|NorthAmerica	S	23029	5	tttac
hCoV-19/USA/TX-HMH-MCoV-8858/2020|EPI_ISL_1203728|2020-07-02|NorthAmerica	S	23122	5	gcacc
hCoV-19/USA/TX-HMH-MCoV-9530/2020|EPI_ISL_1203797|2020-07-03|NorthAmerica	S	23122	5	gcacc
hCoV-19/USA/TX-HMH-MCoV-8282/2020|EPI_ISL_1203670|2020-07-07|NorthAmerica	S	23122	5	ccacc
hCoV-19/USA/TX-HMH-MCoV-8439/2020|EPI_ISL_1203687|2020-07-01|NorthAmerica	S	23123	2	tc
hCoV-19/USA/NC-UNC-0264/2021|EPI_ISL_1321708|2021-02-15|NorthAmerica	S	23123	2	cc
hCoV-19/France/HDF-1138057452/2021|EPI_ISL_2332225|2021-05-26|Europe	S	23133	5	aagaa
hCoV-19/Belgium/UZA-UA-2092/2021|EPI_ISL_961322|2021-01-25|Europe	S	23356	10	acaccaggaa
hCoV-19/Russia/SPE-RII-34510S/2021|EPI_ISL_2385137|2021-05-17|Europe	S	23599	11	gggatagcact
hCoV-19/USA/TX-HMH-MCoV-36812/2021|EPI_ISL_2207799|2021-01-04|NorthAmerica	S	24858	2	ca
hCoV-19/Scotland/QEUH-15CB3F1/2021|EPI_ISL_2408044|2021-05-24|Europe	S	24916	2	aa
hCoV-19/USA/NY-Wadsworth-21054930-01/2021|EPI_ISL_2448314|2021-05-01|NorthAmerica	S	24947	8	acaattcc
hCoV-19/India/MH-NEERI-NGP-44801/2021|EPI_ISL_1970629|2021-03-25|Asia	S	25278	4	cacc
hCoV-19/Serbia/Belgrade-34N290501/2021|EPI_ISL_1740501|2021-01-05|Europe	ORF3a	25699	2	cc
hCoV-19/USA/WA-UW-10113/2020|EPI_ISL_511857|2020-05-29|NorthAmerica	ORF3a	25898	4	atta
hCoV-19/England/ALDP-C88990/2020|EPI_ISL_762629|2020-12-17|Europe	ORF3a	26184	7	tccgggg
hCoV-19/Czech_Republic/189939-21cs/2021|EPI_ISL_1752678|2021-04-13|Europe	E	26456	16	aactttcgatctcttg
hCoV-19/USA/PA-CDC-QDX22442220/2021|EPI_ISL_1254305|2021-02-22|NorthAmerica		26493	5	ttttt
hCoV-19/Russia/SPE-RII-MH16274S/2021|EPI_ISL_2245722|2021-04-19|Europe		26500	5	ttcct
hCoV-19/Russia/SPE-RII-MH16317S/2021|EPI_ISL_2245729|2021-04-18|Europe		26500	4	tcct
hCoV-19/USA/OH-PLMI-J6GLK-5284/2020|EPI_ISL_955985|2020-04-00|NorthAmerica		26500	8	cgcattgg
hCoV-19/Finland/THL-202114081/2021|EPI_ISL_2363858|2021-04-28|Europe		26500	7	ttttcct
hCoV-19/France/IDF-HMN-21032010330/2021|EPI_ISL_1672776|2021-03-01|Europe		26511	8	aacctcgg
hCoV-19/Belgium/AZDelta-2103154042021/2021|EPI_ISL_909963|2021-01-20|Europe		26512	8	aacatgga
hCoV-19/USA/TX-HMH-MCoV-41011/2020|EPI_ISL_2224747|2020-07-21|NorthAmerica	ORF6	27249	2	at
hCoV-19/Palestine/35/2020|EPI_ISL_596568|2020-03-04|Asia	ORF6	27301	11	caaaacgtaag
hCoV-19/England/205000381/2020|EPI_ISL_766853|2020-12-07|Europe	ORF6	27363	7	gtacccg
hCoV-19/USA/TX-HMH-MCoV-10920/2020|EPI_ISL_1201965|2020-07-09|NorthAmerica	ORF7a	27403	8	tttttttt
hCoV-19/England/ALDP-B5AEE4/2020|EPI_ISL_655586|2020-11-09|Europe	ORF7a	27403	7	ttttttt
hCoV-19/England/CAMC-C2CA8C/2020|EPI_ISL_733695|2020-12-07|Europe	ORF7a	27404	5	tcttt
hCoV-19/USA/TX-HMH-MCoV-21204/2020|EPI_ISL_1075649|2020-12-31|NorthAmerica	ORF7a	27407	5	ttttt
hCoV-19/USA/MA-CDC-ASC210006723/2021|EPI_ISL_1561323|2021-03-13|NorthAmerica	ORF7a	27471	7	tggccac
hCoV-19/USA/UT-UPHL-2103779269/2021|EPI_ISL_1313883|2021-01-20|NorthAmerica	ORF7a	27505	11	aaagacagaat
hCoV-19/Egypt/NRC-6183/2020|EPI_ISL_2380068|2020-06-30|Africa	ORF7a	27535	2	ca
hCoV-19/England/MILK-1523BE0/2021|EPI_ISL_1790681|2021-04-20|Europe	ORF7a	27543	5	gatag
hCoV-19/Denmark/DCGC-17218/2020|EPI_ISL_750258|2020-12-14|Europe	ORF7a	27576	2	tt
hCoV-19/Denmark/DCGC-43811/2021|EPI_ISL_1024189|2021-02-01|Europe	ORF7a	27576	2	tt
hCoV-19/Denmark/DCGC-9973/2020|EPI_ISL_668463|2020-11-09|Europe	ORF7a	27576	2	ta
hCoV-19/Denmark/DCGC-28032/2020|EPI_ISL_815527|2020-12-07|Europe	ORF7a	27576	2	ta
hCoV-19/Denmark/DCGC-47633/2020|EPI_ISL_1067168|2020-12-21|Europe	ORF7a	27576	2	ta
hCoV-19/Denmark/DCGC-19890/2020|EPI_ISL_747592|2020-12-07|Europe	ORF7a	27576	2	ta
hCoV-19/Denmark/DCGC-6327/2020|EPI_ISL_615877|2020-09-14|Europe	ORF7a	27576	2	aa
hCoV-19/Denmark/DCGC-29561/2021|EPI_ISL_843424|2021-01-04|Europe	ORF7a	27576	2	ta
hCoV-19/India/GJ-NCCS-VOC-590/2021|EPI_ISL_1533763|2021-02-08|Asia	ORF7a	27668	4	gttc
hCoV-19/Botswana/R11B05_BHP_CV0507732/2021|EPI_ISL_2241616|2021-03-12|Africa	ORF7a	27677	2	ac
hCoV-19/USA/MN-MDH-2451/2020|EPI_ISL_911529|2020-12-26|NorthAmerica	ORF7b	27791	5	ttttt
hCoV-19/USA/CA-UCSF-JD239/2021|EPI_ISL_1098813|2021-01-12|NorthAmerica	ORF7b	27850	11	ctcagagacgg
hCoV-19/England/MILK-156E8E2/2021|EPI_ISL_2118931|2021-05-05|Europe	ORF7b	27878	4	cacg
hCoV-19/Cameroun/Douala-HGD_COV2800/2021|EPI_ISL_1257886|2021-02-04|Africa	ORF7b	27886	4	tctt
hCoV-19/Brazil/RJ-LNN00726/2021|EPI_ISL_2101738|2021-04-22|SouthAmerica	ORF8	27899	2	tt
hCoV-19/England/HSLL-15BC50C/2021|EPI_ISL_2436949|2021-05-24|Europe	ORF8	27900	2	ta
hCoV-19/England/NORT-295D8F/2020|EPI_ISL_488542|2020-05-17|Europe	ORF8	27903	5	ttttt
hCoV-19/England/ALDP-EF0BF5/2021|EPI_ISL_834451|2021-01-03|Europe	ORF8	27906	2	tt
hCoV-19/Belgium/Jessa_55-2103-000465/2021|EPI_ISL_1361632|2021-01-20|Europe	ORF8	27913	7	aattgcc
hCoV-19/USA/MN-MDH-4209/2021|EPI_ISL_1372474|2021-02-22|NorthAmerica	ORF8	27922	8	gcctgtgg
hCoV-19/USA/TX-HMH-MCoV-31781/2021|EPI_ISL_2190417|2021-03-09|NorthAmerica	ORF8	27984	2	ac
hCoV-19/USA/OR-OSPHL00597/2021|EPI_ISL_2138877|2021-05-03|NorthAmerica	ORF8	27986	5	catat
hCoV-19/Russia/MOW-CRIE-L188K0290u/2021|EPI_ISL_2080490|2021-04-08|Europe	ORF8	28005	7	gattgcg
hCoV-19/USA/CA-UCSF-JD904/2021|EPI_ISL_1347788|2021-02-03|NorthAmerica	ORF8	28031	2	at
hCoV-19/Denmark/DCGC-40698/2021|EPI_ISL_972375|2021-02-01|Europe	ORF8	28167	2	at
hCoV-19/USA/MO-CDC-QFA3-1739/2021|EPI_ISL_1483232|2021-01-28|NorthAmerica	ORF8	28243	5	ctgag
hCoV-19/Pakistan/NIH-1/2020|EPI_ISL_1697282|2020-11-26|Asia	ORF8	28249	2	tc
hCoV-19/Sri_Lanka/CMC83435/2021|EPI_ISL_1239363|2021-02-16|Asia	ORF8	28251	2	tg
hCoV-19/USA/TX-HMH-MCoV-35838/2020|EPI_ISL_2204296|2020-12-15|NorthAmerica	ORF8	28251	2	tg
hCoV-19/USA/TX-HMH-MCoV-40537/2020|EPI_ISL_2223720|2020-08-02|NorthAmerica	ORF8	28251	2	tg
hCoV-19/USA/TX-HMH-MCoV-42946/2021|EPI_ISL_2224506|2021-04-21|NorthAmerica	ORF8	28251	2	tg
hCoV-19/USA/TX-HMH-MCoV-35388/2020|EPI_ISL_2220904|2020-08-09|NorthAmerica	ORF8	28251	2	tg
hCoV-19/USA/MN-MDH-7346/2021|EPI_ISL_2249631|2021-05-04|NorthAmerica	ORF8	28251	2	tg
hCoV-19/Poland/NIPH-NIH_ECDC-3151/2021|EPI_ISL_1761373|2021-03-23|Europe	ORF8	28254	2	tc
hCoV-19/USA/MI-CDC-ASC210076398/2021|EPI_ISL_2041109|2021-04-20|NorthAmerica	ORF8	28255	2	ct
hCoV-19/USA/MT-CDC-ASC210058227/2021|EPI_ISL_2159366|2021-05-03|NorthAmerica	ORF8	28256	2	tc
hCoV-19/USA/TX-HMH-MCoV-27507/2021|EPI_ISL_1237289|2021-02-18|NorthAmerica	ORF8	28257	2	ct
hCoV-19/Russia/SPE-RII-29032S/2021|EPI_ISL_2259405|2021-03-11|Europe	ORF8	28257	2	ct
hCoV-19/Brazil/SP-BTSC-7/2021|EPI_ISL_2223449|2021-04-07|SouthAmerica		28262	4	aaca
hCoV-19/Italy/CAM-TIGEM-IZSM-COLLI-7094/2021|EPI_ISL_1509455|2021-03-23|Europe		28262	4	aaca
hCoV-19/Brazil/RJ-00840/2021|EPI_ISL_1213158|2021-01-19|SouthAmerica		28262	4	aaca
hCoV-19/Jordan/AZ-Biolab039/2021|EPI_ISL_2105671|2021-04-28|Asia		28262	4	aaca
hCoV-19/Italy/ABR-IZSGC-266265/2021|EPI_ISL_2270892|2021-05-12|Europe		28262	4	aaca
hCoV-19/USA/MT-CDC-ASC210058227/2021|EPI_ISL_2159366|2021-05-03|NorthAmerica		28262	4	aaca
hCoV-19/Brazil/SP-IB_101440/2021|EPI_ISL_2344573|2021-04-12|SouthAmerica		28262	4	aaca
hCoV-19/Italy/CAM-TIGEM-IZSM-COLLI-12874/2021|EPI_ISL_2171540|2021-05-01|Europe		28262	4	aaca
hCoV-19/France/IDF-HMN-21032050496/2021|EPI_ISL_1706628|2021-03-03|Europe		28262	4	aaca
hCoV-19/Germany/BY-RKI-I-090053/2021|EPI_ISL_1725306|2021-03-09|Europe		28262	4	aaca
hCoV-19/Italy/CAM-TIGEM-IZSM-COLLI-13115/2021|EPI_ISL_2194355|2021-05-03|Europe		28262	4	aaca
hCoV-19/Italy/ABR-IZSGC-266298/2021|EPI_ISL_2270893|2021-05-12|Europe		28262	4	aaca
hCoV-19/Italy/VEN-IZSVe-21RS246-7_PD/2021|EPI_ISL_1524455|2021-02-03|Europe		28262	4	aaca
hCoV-19/USA/NC-CDC-LC0066773/2021|EPI_ISL_2481019|2021-05-17|NorthAmerica		28262	4	aaca
hCoV-19/Italy/CAM-TIGEM-IZSM-COLLI-14798/2021|EPI_ISL_2357181|2021-05-17|Europe		28262	4	aaca
hCoV-19/Belgium/MBLGPF851455/2021|EPI_ISL_2492422|2021-05-31|Europe		28262	4	aaca
hCoV-19/USA/MA-CDCBI-CRSP_01608/2021|EPI_ISL_1516492|2021-03-20|NorthAmerica		28262	4	aaca
hCoV-19/Brazil/SP-IB_112112/2021|EPI_ISL_2444194|2021-05-02|SouthAmerica		28262	4	aaca
hCoV-19/Brazil/SP-IB_112364/2021|EPI_ISL_2494338|2021-05-25|SouthAmerica		28262	4	aaca
hCoV-19/Brazil/SP-22215/2021|EPI_ISL_2295426|2021-04-22|SouthAmerica		28262	4	aaca
hCoV-19/USA/PA-CDC-STM-000044240/2021|EPI_ISL_1581848|2021-03-26|NorthAmerica		28262	4	aaca
hCoV-19/Italy/CAM-TIGEM-IZSM-COLLI-10076/2021|EPI_ISL_1759483|2021-04-20|Europe		28262	4	aaca
hCoV-19/USA/TX-HMH-MCoV-43066/2021|EPI_ISL_2224626|2021-04-25|NorthAmerica		28262	4	aaca
hCoV-19/Italy/CAM-TIGEM-IZSM-COLLI-13839/2021|EPI_ISL_2275841|2021-05-17|Europe		28262	4	aaca
hCoV-19/USA/NJ-CDC-ASC210058070/2021|EPI_ISL_2148895|2021-05-03|NorthAmerica		28262	4	aaca
hCoV-19/Italy/UMB-IZSGC-267459.1.8/2021|EPI_ISL_2235445|2021-05-11|Europe		28262	4	aaca
hCoV-19/Brazil/RN-00851/2021|EPI_ISL_1213173|2021-02-01|SouthAmerica		28262	4	aaca
hCoV-19/Belgium/UMONS-CV2112692231/2021|EPI_ISL_1810942|2021-04-16|Europe		28262	4	aaca
hCoV-19/Brazil/SP-IB_100892/2021|EPI_ISL_1966876|2021-04-05|SouthAmerica		28262	4	aaca
hCoV-19/Portugal/PT7465/2021|EPI_ISL_2249047|2021-05-11|Europe		28262	4	aaca
hCoV-19/USA/CA-CZB-29328/2021|EPI_ISL_1701128|2021-03-04|NorthAmerica		28262	4	aaca
hCoV-19/Brazil/SP-IB_110853/2021|EPI_ISL_2493775|2021-05-18|SouthAmerica		28262	4	aaca
hCoV-19/USA/CA-SEARCH-17228/2021|EPI_ISL_1815660|2021-03-16|NorthAmerica		28262	4	aaca
hCoV-19/Italy/CAM-TIGEM-IZSM-COLLI-15440/2021|EPI_ISL_2455825|2021-05-24|Europe		28262	4	aaca
hCoV-19/USA/CA-LACPHL-AF01012/2021|EPI_ISL_2260375|2021-04-16|NorthAmerica		28262	4	aaca
hCoV-19/Italy/CAM-TIGEM-IZSM-COLLI-9131/2021|EPI_ISL_1673595|2021-04-02|Europe		28262	4	aaca
hCoV-19/Brazil/RJ-LNN00726/2021|EPI_ISL_2101738|2021-04-22|SouthAmerica		28262	4	aaca
hCoV-19/Canada/ON-PHL-21-16922/2021|EPI_ISL_2252927|2021-04-00|NorthAmerica		28262	4	aaca
hCoV-19/USA/TX-HMH-MCoV-44219/2021|EPI_ISL_2225457|2021-05-01|NorthAmerica		28262	4	aaca
hCoV-19/Brazil/RJ-00823/2021|EPI_ISL_1213151|2021-02-05|SouthAmerica		28262	4	aaca
hCoV-19/Brazil/SP-IB_100119/2021|EPI_ISL_1966164|2021-03-09|SouthAmerica		28262	4	aaca
hCoV-19/Brazil/SP-20230/2021|EPI_ISL_2295396|2021-04-08|SouthAmerica		28262	4	aaca
hCoV-19/USA/AZ-ASU5947/2021|EPI_ISL_2250085|2021-05-07|NorthAmerica		28262	4	aaca
hCoV-19/Germany/un-RKI-I-100256/2021|EPI_ISL_1845986|2021-04-05|Europe		28262	4	aaac
hCoV-19/Italy/CAM-TIGEM-IZSM-COLLI-13873/2021|EPI_ISL_2275872|2021-05-14|Europe		28262	4	aaca
hCoV-19/Brazil/SP-SJRP129735/2021|EPI_ISL_2008919|2021-04-27|SouthAmerica		28262	4	aaca
hCoV-19/Brazil/RJ-LNN01310/2021|EPI_ISL_2385585|2021-05-05|SouthAmerica		28262	4	aaca
hCoV-19/USA/MA-CDC-ASC210029521/2021|EPI_ISL_2040294|2021-04-21|NorthAmerica		28262	4	aaca
hCoV-19/Italy/LAZ-INMI-797/2021|EPI_ISL_2483767|2021-05-18|Europe		28262	4	aaca
hCoV-19/USA/FL-CDC-STM-000070608/2021|EPI_ISL_2269812|2021-05-07|NorthAmerica		28262	4	aaca
hCoV-19/USA/OR-OSPHL00873/2021|EPI_ISL_2473671|2021-05-06|NorthAmerica		28262	4	aaca
hCoV-19/USA/CA-CDC-FG-015431/2021|EPI_ISL_1557000|2021-03-27|NorthAmerica		28262	4	aaca
hCoV-19/USA/TX-HMH-MCoV-35653/2021|EPI_ISL_2200517|2021-03-16|NorthAmerica		28262	4	aaca
hCoV-19/USA/AK-PHL9015/2021|EPI_ISL_2499921|2021-05-20|NorthAmerica		28262	4	aaca
hCoV-19/Italy/CAM-TIGEM-IZSM-COLLI-15151/2021|EPI_ISL_2455590|2021-04-15|Europe		28262	4	aaca
hCoV-19/Brazil/SP-BT25937/2021|EPI_ISL_2378661|2021-05-11|SouthAmerica		28262	4	aaca
hCoV-19/Belgium/MBLGOT031150/2021|EPI_ISL_2492365|2021-05-25|Europe		28262	4	aaca
hCoV-19/USA/OR-OSPHL00300/2021|EPI_ISL_1897467|2021-04-21|NorthAmerica		28262	4	aaca
hCoV-19/Italy/CAM-TIGEM-IZSM-COLLI-15421/2021|EPI_ISL_2455811|2021-05-24|Europe		28262	4	aaca
hCoV-19/Brazil/SP-IB_102087/2021|EPI_ISL_2345127|2021-04-25|SouthAmerica		28262	4	aaca
hCoV-19/Brazil/SP-IB_112367/2021|EPI_ISL_2494156|2021-05-21|SouthAmerica		28262	4	aaca
hCoV-19/USA/CO-CDC-ASC210052534/2021|EPI_ISL_1836279|2021-04-08|NorthAmerica		28262	4	aaca
hCoV-19/Colombia/DC-379038/2021|EPI_ISL_2157206|2021-04-10|SouthAmerica		28262	4	aaca
hCoV-19/Brazil/SP-26085/2021|EPI_ISL_2295435|2021-05-11|SouthAmerica		28262	4	aaca
hCoV-19/Italy/CAM-TIGEM-IZSM-COLLI-9582/2021|EPI_ISL_1692959|2021-04-07|Europe		28262	4	aaca
hCoV-19/Brazil/GO-HLAGYN-1602994/2021|EPI_ISL_2187978|2021-04-09|SouthAmerica		28262	4	aaca
hCoV-19/France/IDF-HB_112104031612/2021|EPI_ISL_2467723|2021-04-08|Europe		28262	4	aaca
hCoV-19/Mexico/PUE-IBT-IMSS-625/2021|EPI_ISL_1416455|2021-03-07|NorthAmerica		28262	4	aaca
hCoV-19/USA/TX-HMH-MCoV-38900/2021|EPI_ISL_2216497|2021-04-10|NorthAmerica		28262	4	aaca
hCoV-19/Brazil/SP-26359/2021|EPI_ISL_2295438|2021-05-12|SouthAmerica		28262	4	aaca
hCoV-19/Turkey/HSGM-3562/2021|EPI_ISL_1167577|2021-02-11|Europe		28265	11	aacaaagacgg
hCoV-19/Jordan/AZ-Biolab039/2021|EPI_ISL_2105671|2021-04-28|Asia		28266	4	aaca
hCoV-19/USA/MA-CDCBI-CRSP_01608/2021|EPI_ISL_1516492|2021-03-20|NorthAmerica		28266	4	aacc
hCoV-19/USA/TX-HMH-MCoV-31750/2021|EPI_ISL_2190386|2021-03-09|NorthAmerica	N	28490	5	cgttc
hCoV-19/USA/TX-HMH-MCoV-8486/2020|EPI_ISL_1203692|2020-07-01|NorthAmerica	N	28675	4	gcac
hCoV-19/USA/TX-HMH-MCoV-9614/2020|EPI_ISL_1203803|2020-07-04|NorthAmerica	N	28677	2	ct
hCoV-19/USA/TX-HMH-MCoV-10166/2020|EPI_ISL_1201912|2020-07-08|NorthAmerica	N	28677	2	ct
hCoV-19/USA/TX-HMH-MCoV-12332/2020|EPI_ISL_1202102|2020-09-25|NorthAmerica	N	28783	2	tg
hCoV-19/Turkey/ETLKVET1/2020|EPI_ISL_636969|2020-04-00|Europe	N	28882	2	cg
hCoV-19/USA/VA-CDC-ASC210011507/2021|EPI_ISL_1563449|2021-03-18|NorthAmerica	N	29099	8	catcatat
hCoV-19/Denmark/DCGC-5009/2020|EPI_ISL_621762|2020-09-14|Europe	N	29399	2	cc
hCoV-19/USA/TX-HMH-MCoV-40589/2020|EPI_ISL_2223772|2020-08-02|NorthAmerica	N	29399	5	ctgat
hCoV-19/USA/MI-CDC-ASC210076398/2021|EPI_ISL_2041109|2021-04-20|NorthAmerica		29721	2	ca
hCoV-19/USA/PA-CDC-STM-000044240/2021|EPI_ISL_1581848|2021-03-26|NorthAmerica		29727	4	taga
hCoV-19/USA/CA-CDC-FG-015431/2021|EPI_ISL_1557000|2021-03-27|NorthAmerica		29755	7	agtgtac
hCoV-19/USA/CA-LACPHL-AF01012/2021|EPI_ISL_2260375|2021-04-16|NorthAmerica		29766	7	tacagtg
hCoV-19/USA/MA-CDC-ASC210029521/2021|EPI_ISL_2040294|2021-04-21|NorthAmerica		29766	8	tcccaggt
