"Position"	"Length"	"Insertion"	"Times"	"xmin"	"xmax"	"fill"	"multi"	"Gene"	"Confirmed_by_reads"	"USHER"	"Mechanism"	"Origin_position"	"Fill"	"Length2"
229	3	"cat"	1	189	269	"Singleton"	0	""	""	""	""	""	"Singleton"	3
229	3	"gca"	1	189	269	"Singleton"	0	""	""	""	""	""	"Singleton"	3
229	6	"catcta"	1	189	269	"Singleton"	0	""	""	""	""	""	"Singleton"	6
532	9	"atcgtgtgg"	1	492	572	"Singleton"	0	""	""	""	""	""	"Singleton"	9
626	3	"ttc"	3	586	666	"Multi"	0	"ORF1ab"	"Y"	"No"	""	""	"Confirmed by reads"	3
687	9	"cccggcgcc"	1	647	727	"Singleton"	0	""	""	""	""	""	"Singleton"	9
959	195	"gtgaaccactttttctttgcatttacttttttataggaactcctgtcatcactctctcacacacacacttagatgaacctgatggctaccctcttgagtgcattaaagaccttctagcacgtgctggtaaagcctcatgcactttgtccgaacaactggactttattgacactaagaggggtgtatactgctgcc"	1	919	999	"Singleton"	0	""	""	""	""	""	"Singleton"	35
1426	6	"cacggt"	1	1386	1466	"Singleton"	0	""	""	""	""	""	"Singleton"	6
1813	3	"aaa"	4	1773	1853	"Multi"	0	"ORF1ab"	"Y"	"No"	""	""	"Confirmed by reads"	3
1857	3	"tcc"	1	1817	1897	"Singleton"	0	""	""	""	""	""	"Singleton"	3
3073	3	"gaa"	9	3033	3113	"Multi"	0	"ORF1ab"	"Y"	"No"	""	""	"Confirmed by reads"	3
3073	3	"tgt"	1	3033	3113	"Singleton"	0	""	""	""	""	""	"Singleton"	3
3177	15	"agaaaaccctcacct"	8	3137	3217	"Multi"	0	"ORF1ab"	""	"Yes"	"Template switch"	"15262"	"Monophyletic"	15
3354	3	"tta"	1	3314	3394	"Singleton"	0	""	""	""	""	""	"Singleton"	3
3593	9	"gcaattacg"	1	3553	3633	"Singleton"	0	""	""	""	""	""	"Singleton"	9
4013	3	"agc"	1	3973	4053	"Singleton"	0	""	""	""	""	""	"Singleton"	3
4074	69	"cgtaccgggcactggtggtgatcctggcgggcttctcgctgttgatctccaacctgggcctgaccaagc"	1	4034	4114	"Singleton"	0	""	""	""	""	""	"Singleton"	35
5957	3	"att"	1	5917	5997	"Singleton"	0	""	""	""	""	""	"Singleton"	3
6403	12	"atagcttggaat"	2	6363	6443	"Multi"	0	"ORF1ab"	"Y"	"Yes"	"Template switch"	"22857"	"Confirmed by reads"	12
6655	9	"agcctagag"	1	6615	6695	"Singleton"	0	""	""	""	""	""	"Singleton"	9
7084	6	"aatggg"	2	7044	7124	"Multi"	0	"ORF1ab"	""	"Yes"	""	""	"Monophyletic"	6
7125	9	"taccagtta"	2	7085	7165	"Multi"	0	"ORF1ab"	""	"Yes"	"Possible template switch (complimentary strand)"	"14095; 11590"	"Monophyletic"	9
7626	24	"ttgtgatacattctgtgctggtag"	2	7586	7666	"Multi"	0	"ORF1ab"	""	"No"	"Duplication"	""	"Multiple genomes"	24
9622	21	"ctcctgtccttcactccccaa"	13	9582	9662	"Multi"	0	"ORF1ab"	""	"No"	"Unknown"	""	"Multiple genomes"	21
9622	21	"ctgcagtccttcactccccac"	1	9582	9662	"Singleton"	0	""	""	""	""	""	"Singleton"	21
9622	21	"ctgctgtccttcactccccaa"	1	9582	9662	"Singleton"	0	""	""	""	""	""	"Singleton"	21
11074	3	"ttc"	70	11034	11114	"Multi"	0	"ORF1ab"	"Y"	"No"	""	""	"Confirmed by reads"	3
11074	3	"ttt"	239	11034	11114	"Multi"	0	"ORF1ab"	"Y"	"No"	""	""	"Confirmed by reads"	3
11074	6	"ttcttt"	1	11034	11114	"Singleton"	0	""	""	""	""	""	"Singleton"	6
11074	6	"tttttc"	1	11034	11114	"Singleton"	0	""	""	""	""	""	"Singleton"	6
11427	3	"tta"	9	11387	11467	"Multi"	0	"ORF1ab"	""	"Yes"	""	""	"Monophyletic"	3
11525	15	"gatgttgttagacaa"	1	11485	11565	"Singleton"	0	""	""	""	""	""	"Singleton"	15
11530	3	"cag"	1	11490	11570	"Singleton"	0	""	""	""	""	""	"Singleton"	3
11540	3	"ttt"	1	11500	11580	"Singleton"	0	""	""	""	""	""	"Singleton"	3
11910	3	"atc"	1	11870	11950	"Singleton"	0	""	""	""	""	""	"Singleton"	3
12877	6	"ctacgg"	1	12837	12917	"Singleton"	0	""	""	""	""	""	"Singleton"	6
13560	9	"aaagtagct"	1	13520	13600	"Singleton"	0	""	""	""	""	""	"Singleton"	9
13895	3	"tga"	2	13855	13935	"Multi"	0	"ORF1ab"	"Y"	"No"	""	""	"Confirmed by reads"	3
14605	6	"tcctta"	1	14565	14645	"Singleton"	0	""	""	""	""	""	"Singleton"	6
14619	3	"acg"	1	14579	14659	"Singleton"	0	""	""	""	""	""	"Singleton"	3
15891	9	"ataagcact"	1	15851	15931	"Singleton"	0	"ORF1ab"	"Y"	""	"Possible template switch (complimentary strand)"	"3675"	"Confirmed by reads"	9
16875	3	"aca"	1	16835	16915	"Singleton"	0	"ORF1ab"	"Y"	""	""	""	"Confirmed by reads"	3
18385	3	"tgc"	1	18345	18425	"Singleton"	0	""	""	""	""	""	"Singleton"	3
19525	3	"gat"	1	19485	19565	"Singleton"	0	""	""	""	""	""	"Singleton"	3
19553	3	"gtt"	1	19513	19593	"Singleton"	0	""	""	""	""	""	"Singleton"	3
19650	12	"aatagctccacc"	1	19610	19690	"Singleton"	0	""	""	""	""	""	"Singleton"	12
20139	9	"agcctggcg"	1	20099	20179	"Singleton"	0	""	""	""	""	""	"Singleton"	9
20486	15	"aatgtcgcgcattgg"	1	20446	20526	"Singleton"	0	""	""	""	""	""	"Singleton"	15
21230	3	"ttg"	1	21190	21270	"Singleton"	0	""	""	""	""	""	"Singleton"	3
21551	27	"actttcgatctcttgtagatctgttct"	4	21511	21591	"Multi"	0	"ORF1ab"	""	"No"	"Template switch"	"34"	"Multiple genomes"	27
21569	3	"ttt"	18	21529	21609	"Multi"	0	"S"	""	"No"	""	""	"Multiple genomes"	3
21572	3	"ttt"	5	21532	21612	"Multi"	0	"S"	""	"No"	""	""	"Multiple genomes"	3
21608	12	"caactttgagga"	2	21568	21648	"Multi"	0	"S"	""	"Yes"	"Unknown"	""	"Monophyletic"	12
21761	3	"gtt"	3	21721	21801	"Multi"	0	"S"	""	"Yes"	""	""	"Monophyletic"	3
21770	6	"tacatg"	3	21730	21810	"Multi"	0	"S"	""	"No"	""	""	"Multiple genomes"	6
21819	6	"accatt"	4	21779	21859	"Multi"	0	"S"	""	"No"	""	""	"Multiple genomes"	6
21819	6	"taatga"	2	21779	21859	"Multi"	0	"S"	""	"Yes"	""	""	"Monophyletic"	6
21819	6	"taatgt"	1	21779	21859	"Singleton"	0	""	""	""	""	""	"Singleton"	6
21856	9	"aaggctgag"	1	21816	21896	"Singleton"	0	"S"	"Y"	""	"Unknown"	""	"Confirmed by reads"	9
21956	6	"aatttc"	1	21916	21996	"Singleton"	0	"S"	"Y"	""	""	""	"Confirmed by reads"	6
21992	9	"accacaaaa"	1	21952	22032	"Singleton"	0	""	""	""	""	""	"Singleton"	9
22003	3	"aac"	2	21963	22043	"Multi"	0	"S"	""	"Yes"	""	""	"Monophyletic"	3
22040	3	"tgg"	1	22000	22080	"Singleton"	0	""	""	""	""	""	"Singleton"	3
22083	3	"ttt"	1	22043	22123	"Singleton"	0	"S"	"Y"	""	""	""	"Confirmed by reads"	3
22204	9	"aaaagaatt"	2	22164	22244	"Multi"	0	"S"	""	"Yes"	"Template switch"	"10857"	"Monophyletic"	9
22204	9	"acagatcga"	27	22164	22244	"Multi"	0	"S"	"Y"	"Yes"	"Unknown"	""	"Confirmed by reads"	9
22204	9	"gcggcaggc"	18	22164	22244	"Multi"	0	"S"	""	"Yes"	"Unknown"	""	"Monophyletic"	9
22204	12	"aagcttggaccg"	1	22164	22244	"Singleton"	0	"S"	"Y"	""	"Unknown"	""	"Confirmed by reads"	12
22204	12	"gctaaaaagaat"	1	22164	22244	"Singleton"	0	""	""	""	""	""	"Singleton"	12
22298	12	"gagattcgtggg"	1	22258	22338	"Singleton"	0	"S"	"Y"	""	"Unknown"	""	"Confirmed by reads"	12
22304	9	"cccaccaga"	1	22264	22344	"Singleton"	0	""	""	""	""	""	"Singleton"	9
22304	12	"ctagtcttactt"	1	22264	22344	"Singleton"	0	""	""	""	""	""	"Singleton"	12
22320	3	"ttc"	5	22280	22360	"Multi"	0	"S"	"Y"	"No"	""	""	"Confirmed by reads"	3
22353	3	"tta"	3	22313	22393	"Multi"	0	"S"	""	"No"	""	""	"Multiple genomes"	3
22631	12	"gaatcagcaaga"	1	22591	22671	"Singleton"	0	""	""	""	""	""	"Singleton"	12
23120	3	"cac"	27	23080	23160	"Multi"	0	"S"	""	"No"	""	""	"Multiple genomes"	3
23120	6	"caccac"	1	23080	23160	"Singleton"	0	"S"	"Y"	""	""	""	"Confirmed by reads"	6
23120	6	"cagcac"	17	23080	23160	"Multi"	0	"S"	""	"No"	""	""	"Multiple genomes"	6
23122	3	"cct"	8	23082	23162	"Multi"	0	"S"	""	"No"	""	""	"Multiple genomes"	3
23518	3	"gct"	1	23478	23558	"Singleton"	0	""	""	""	""	""	"Singleton"	3
23583	6	"tcagac"	2	23543	23623	"Multi"	0	"S"	""	"Yes"	""	""	"Monophyletic"	6
23671	3	"taa"	1	23631	23711	"Singleton"	0	""	""	""	""	""	"Singleton"	3
23933	3	"cac"	2	23893	23973	"Multi"	0	"S"	""	"Yes"	""	""	"Monophyletic"	3
25339	12	"gacagatgcatt"	1	25299	25379	"Singleton"	0	""	""	""	""	""	"Singleton"	12
25472	3	"ttt"	4	25432	25512	"Multi"	0	"ORF3a"	""	"No"	""	""	"Multiple genomes"	3
25472	24	"ttttgttcgcgctactccttcaga"	2	25432	25512	"Multi"	0	"ORF3a"	""	"Yes"	"Duplication"	""	"Monophyletic"	24
25691	3	"cct"	4	25651	25731	"Multi"	0	"ORF3a"	"Y"	"No"	""	""	"Confirmed by reads"	3
25691	3	"tga"	5	25651	25731	"Multi"	0	"ORF3a"	""	"No"	""	""	"Multiple genomes"	3
25699	3	"ccc"	26	25659	25739	"Multi"	0	"ORF3a"	"Y"	"No"	""	""	"Confirmed by reads"	3
25703	3	"ccc"	154	25663	25743	"Multi"	0	"ORF3a"	"Y"	"No"	""	""	"Confirmed by reads"	3
25703	3	"cct"	1	25663	25743	"Singleton"	0	""	""	""	""	""	"Singleton"	3
25703	9	"ttgggagtt"	1	25663	25743	"Singleton"	0	""	""	""	""	""	"Singleton"	9
25757	3	"aat"	47	25717	25797	"Multi"	0	"ORF3a"	"Y"	"No"	""	""	"Confirmed by reads"	3
25882	3	"ctt"	14	25842	25922	"Multi"	0	"ORF3a"	""	"No"	""	""	"Multiple genomes"	3
26370	3	"agt"	1	26330	26410	"Singleton"	0	""	""	""	""	""	"Singleton"	3
26492	3	"tta"	4	26452	26532	"Multi"	0	""	"Y"	"No"	""	""	"Confirmed by reads"	3
26493	3	"ttt"	1	26453	26533	"Singleton"	0	""	""	""	""	""	"Singleton"	3
27084	3	"atc"	1	27044	27124	"Singleton"	0	""	""	""	""	""	"Singleton"	3
27247	3	"taa"	2	27207	27287	"Multi"	0	"ORF6"	"Y"	"No"	""	""	"Confirmed by reads"	3
27249	3	"att"	6	27209	27289	"Multi"	0	"ORF6"	""	"Yes"	""	""	"Monophyletic"	3
27265	12	"ttaaagtttcca"	1	27225	27305	"Singleton"	0	""	""	""	""	""	"Singleton"	12
27281	81	"gaatcttgattacatcataaacctcataattaaaaatttatctaagtcactaactgagaataaatattctcaattagatga"	1	27241	27321	"Singleton"	0	""	""	""	""	""	"Singleton"	35
27295	12	"taacctagttgc"	2	27255	27335	"Multi"	0	"ORF6"	"Y"	"Yes"	"Template switch"	"18379"	"Confirmed by reads"	12
27380	3	"tgt"	1	27340	27420	"Singleton"	0	"ORF6"	"Y"	""	""	""	"Confirmed by reads"	3
27384	3	"ctc"	1	27344	27424	"Singleton"	0	""	""	""	""	""	"Singleton"	3
27527	3	"att"	1	27487	27567	"Singleton"	0	""	""	""	""	""	"Singleton"	3
27527	6	"atttca"	1	27487	27567	"Singleton"	0	""	""	""	""	""	"Singleton"	6
27592	6	"gttctg"	1	27552	27632	"Singleton"	0	""	""	""	""	""	"Singleton"	6
27622	9	"aacacgtct"	2	27582	27662	"Multi"	0	"ORF7a"	""	"Yes"	"Duplication"	""	"Monophyletic"	9
27631	15	"aatgtcgcgcattgg"	1	27591	27671	"Singleton"	0	"ORF7a"	"Y"	""	"Template switch"	"29216"	"Confirmed by reads"	15
27756	9	"aaaactttt"	7	27716	27796	"Multi"	0	"ORF7a"	""	"Yes"	"Unknown"	""	"Monophyletic"	9
27791	3	"ttt"	4	27751	27831	"Multi"	0	"ORF7b"	""	"Yes"	""	""	"Monophyletic"	3
27879	3	"ctg"	1	27839	27919	"Singleton"	0	""	""	""	""	""	"Singleton"	3
27880	6	"atctgt"	1	27840	27920	"Singleton"	0	""	""	""	""	""	"Singleton"	6
27903	6	"ttgttt"	1	27863	27943	"Singleton"	0	""	""	""	""	""	"Singleton"	6
28031	9	"tatgaatgg"	1	27988	28068	"Singleton"	0	"ORF8"	"Y"	""	"Unknown"	""	"Confirmed by reads"	9
28152	9	"ctattattc"	1	28112	28192	"Singleton"	0	""	""	""	""	""	"Singleton"	9
28213	3	"ttt"	1	28173	28253	"Singleton"	0	""	""	""	""	""	"Singleton"	3
28242	6	"tttttt"	1	28202	28282	"Singleton"	0	""	""	""	""	""	"Singleton"	6
28251	3	"tta"	1	28211	28291	"Singleton"	0	""	""	""	""	""	"Singleton"	3
28254	3	"tca"	26	28214	28294	"Multi"	0	"ORF8"	""	"Yes"	""	""	"Monophyletic"	3
28254	3	"tcc"	2	28214	28294	"Multi"	0	"ORF8"	""	"No"	""	""	"Multiple genomes"	3
28257	9	"aaacgaaca"	1	28217	28297	"Singleton"	0	""	""	""	""	""	"Singleton"	9
28272	9	"tttctttgg"	2	28232	28312	"Multi"	0	""	""	"Yes"	"Unknown"	""	"Monophyletic"	9
28490	9	"caattaaca"	1	28450	28530	"Singleton"	0	""	""	""	""	""	"Singleton"	9
28862	12	"cagatcagatcg"	2	28822	28902	"Multi"	0	"N"	""	"No"	"Unknown"	""	"Multiple genomes"	12
28871	3	"gca"	1	28831	28911	"Singleton"	0	""	""	""	""	""	"Singleton"	3
28907	3	"cta"	1	28867	28947	"Singleton"	0	""	""	""	""	""	"Singleton"	3
28934	3	"tgc"	1	28894	28974	"Singleton"	0	"N"	"Y"	""	""	""	"Confirmed by reads"	3
28934	9	"cagccagcc"	1	28894	28974	"Singleton"	0	""	""	""	""	""	"Singleton"	9
29009	9	"cgtcttggt"	1	28969	29049	"Singleton"	0	""	""	""	""	""	"Singleton"	9
29387	24	"aaaagaagaaggctgatgaaactc"	1	29347	29427	"Singleton"	0	"N"	"Y"	""	"Duplication"	""	"Confirmed by reads"	24
29389	3	"aag"	1	29349	29429	"Singleton"	0	"N"	"Y"	""	""	""	"Confirmed by reads"	3
29451	3	"tct"	7	29411	29491	"Multi"	0	"N"	"Y"	"No"	""	""	"Confirmed by reads"	3
29728	9	"gttgttgga"	9	29688	29768	"Multi"	0	""	"Y"	"Yes"	"Unknown"	""	"Confirmed by reads"	9
29749	9	"ataacactt"	4	29709	29789	"Multi"	0	""	""	"No"	"Unknown"	""	"Multiple genomes"	9
29759	6	"caccga"	1	29719	29799	"Singleton"	0	""	""	""	""	""	"Singleton"	6
29764	3	"tgt"	2	29724	29804	"Multi"	0	""	""	"Yes"	""	""	"Monophyletic"	3
29769	9	"aatgctagg"	1	29729	29809	"Singleton"	0	""	""	""	""	""	"Singleton"	9
29769	9	"gtagttaac"	1	29729	29809	"Singleton"	0	""	""	""	""	""	"Singleton"	9
29775	6	"agggag"	1	29735	29815	"Singleton"	0	""	""	""	""	""	"Singleton"	6
